concepto,referencia,fecha,precio
GRAPA MUELLE CAMIONETA 4X4 TYT- FTN (GRAPA MUELLE),GRAPA MUELLE,2022/04/18,9776.0
LIMPIADOR TECHNO CLEAN GALON (8940),8940,2023/08/22,42017.0
TORNILLOS GRADUACION ALINEA TOYOTA LARGO (81900K010),81900K010,2021/09/08,35900.0
BUJE MUELLE  TEFLON CORTO 33MM (BJM-TO-L01/GDS9736),BJM-TO-L01/GDS9736,2022/07/15,3500.0
BUJE MUELLE TEFLON LARGO 30mm (BJM-TO-C017/GDS9320),BJM-TO-C017/GDS9320,2021/12/21,5882.35
BUJE AMORTIGUADOR DEL NISSAN D23 DIESEL (E610-ED71A/562194KH7AAU),E610-ED71A/562194KH7AAU,2023/10/03,40336.0
BUJE MUELLE HOJA PPAL FORD RANGER  3.2 * (BJEFOM3.2),BJEFOM3.2,2023/07/27,36000.0
HOJA SEGU. VUELTA TRAS TOYOTA HILUX REVO (90-281/2),90-281/2,2021/12/15,168067.23
HOJA TERCERA TRASERA TOYOTA HILUX REVO  (90-351/3),90-351/3,2021/12/15,109243.7
HOJA PPAL TRAS. TOYOTA HILUX REVO DIES (90-281 IMAL),90-281 IMAL,2021/12/15,193277.31
TORNILLO CENTRAL MUELLE TOYOTA HILUX (TCH01/TC02C5CHG5),TCH01/TC02C5CHG5,2023/07/21,2332.0
HOJA SEGUND PLANA FORD RANGER 3.2 (HS2PLFR),HS2PLFR,2023/03/31,218487.39
HOJA PRINCIPAL DELANTERA HINO FC4J (DEL195-4280),DEL195-4280,2023/07/18,502082.0
BUJE MUELLE SILENCIADOR UNIVERSAL (9622),9622,2022/03/01,3361.74
HOJA PRINCIPAL MITSUBISHI L200 2.5 DIESE (HJAPAL01L200),HJAPAL01L200,2023/03/28,201681.0
HOJA SEGUNDA VUELTA MITSIB. L200 DIE (HJASDAL02),HJASDAL02,2022/03/25,151260.5
TORNILLO GUIA CENTRAL (TOR),TOR,2022/09/26,5042.0
HOJA PRINCIPAL FORD RANGER HOM (HJFR),HJFR,2023/05/11,268907.56
TERMINAL EXT DER NISSAN ORG (TERWA2818AU),TERWA2818AU,2023/08/29,45534.0
BUJE MUELLE TEFLON LARGO 33mm (BJLG33mm),BJLG33mm,2023/02/11,7563.03
BUJE AMORTIGUADOR DEL FORD RANGER 3.2 (614003/2019),614003/2019,2023/06/22,36000.0
BUJE AMORTIGUADOR TEFLON GENERICO (9634),9634,2023/10/27,2500.0
SUAVIZADOR POLIURETANO (SM-WSD),SM-WSD,2023/06/22,5000.0
CILINDRO FRENO FORD RANGER 2019 3.2 DIES (UC2R26610 / CR-32),UC2R26610 / CR-32,2023/04/11,61600.0
BATERIA 34RST 1200 MG (34RT1200MG),34RST1200MG,2023/10/28,389021.0
TAPA RADIADOR CHEVROLET NPR 2011 (95620780),95620780,2018/01/11,34106.0
TAPA TANQUE CON LLAVE  COMBUST NPR 2011 (8971158561),8971158561,2018/01/11,102992.0
AMORTIGUADOR TRAS. CHEVROLET FRR RWARD (5234063 - 65123),5234063 - 65123,2022/03/03,270000.0
BOMBILLO AMBAR DIRECC 1 FILAMENTO 12V (P21WY),P21WY,2023/07/31,36000.0
CORREA 17453 (17453),4PK1090,2018/02/10,29412.0
CORREA 17570 (CR17570),6PK2655,2018/04/20,58029.0
FILTRO ACEITE MOTOR INTERNATIONAL 7600 (LF14000NN),LF14000NN,2023/07/04,145000.0
CORREA 17455 (17455),17475,2018/02/10,17468.0
"PLUMILLAS 18"" (PLUM18-01)",PLUM18-01,2023/01/14,38400.0
TAPA FILTRO TRAMPA NPR REDWARD (TPCRREWARD),TPCRREWARD,2018/03/23,163025.0
"PLUMILLAS 20"" (PLUM20-01)",17801-0L040,2023/01/14,40238.0
BOMBILLO H4 12V (P43T64193472),P43T64193472,2023/11/23,9984.0
KIT FILTROS ISUZU NHR REWARD EURO IV (19314143),19314143,2023/06/24,531352.0
BUJE BARRA ESTAB TRASERA  FRR (151780170),151780170,2023/01/18,77633.0
BUJE TIJERA INF CENTRAL VW AMAROK 2.0 (131562/7L0417333),GK-518086/131562/7L0417333,2022/06/24,30246.0
FLOTADOR TANQUE COMBUSTIBLE NPS 2011 (93316190),93316190,2018/06/13,46218.0
HOJA PRINCIPAL TRAS. CHEVROLET DMAX RT50 (98193429),98193429,2023/07/21,134080.0
BOMBILLO H1 12V (H1 -12 V / 31NAR17919),H1 -12 V / 31NAR17919,2023/06/08,0.0
KIT GRADUACION FRENO DER NISSAN FRONTIER (GF-4244),GF-4244,2023/07/26,44538.0
REFRIGERANTE VERDE GALON (RFVG-01),RFVG-01,2023/02/13,21750.0
BOMBILLO H3-12V (48005-01),48005-01,2022/01/25,4297.0
FILTRO AIRE MOTOR INTERNO FRR REWARD (SFARS3535),SFARS3535,2023/07/27,25245.0
FILTRO COMB  FRR REWARD (SFC8981628970),SFC8981628970,2022/11/21,24616.0
FILTRO ACEITE CHEVROLET NPR-FRR REWARD (HCX7041 /95631283),HCX7041 /95631283,2022/11/05,23450.0
RESORTES BANDAS FRENO VW AMAROK (R-5157),R-5157,2022/04/27,8403.0
DISCO DE FRENO VOLKSWAGUEN AMAROK 2.0 (DF-0485BR),DF-0485BR,2022/06/13,195300.0
TAPA RADIADOR CAMION SERIE NH / NP (8971778720),8971778720,2021/08/17,32667.0
FILTRO COMB TRAMPA FRR  REWARD (SFC 2042),SFC2042/FLP-435/HCP4811,2022/11/05,23107.0
SOPORTE  MORTOR FORD RANGER BT50 (UR58-39-040 A-B),UR58-39-040 A-B,2023/06/30,151300.0
FILTRO ACEITE FOTON AUMARK (HCH10575),HCH10575,2023/01/24,37300.0
BOMBILLO H7 12V (H7 12V / PX26D),H7 12V / PX26D,2023/11/24,13949.58
SOPORTE CAJA FORD RANGER 2.5 DIESEL (SOPCJFORD),SOPCJFORD,2022/09/15,184874.0
ROTULA INF FORD RANGER 3.2 2018 HOM (K 800415),K 800415,2023/10/19,147060.0
AMORTIGUADOR DEL TOKIKO NISSAN D23 (U3813),U3813,2023/10/18,322000.0
BUJE TIJERA INF NISSAN D23 NP300 HOM (712040),712040,2023/10/20,100000.0
MOTOR TAPA COMBUST. FORD RANGER 3.2 DIE (JB3B2122020AA),JB3B2122020AA,2022/03/08,239105.0
BANDAS FRENO TOYOTA HILUX (BAN-2290 / BS4465),BAN-2290 / BS4465,2023/03/14,162017.0
AMORTIGUADOR DEL TOKIKO TOYOTA VIGO (U3768),U3768,2023/07/27,201681.0
TOPE CAUCHO SUSPENSION NISSAN D23 ORG (552404KH2A),552404KH2A,2023/07/10,277983.0
AMORTIGUADOR ALASKAN DEL (E61104KH9A-KYB / 340053),E61104KH9A-KYB / 340053,2023/06/27,227996.0
FITTING 5/8 (5098),5098,2023/07/13,6723.0
GUARDAPOLVO LADO CAJA TOYOTA HILUX (105702),105702,2021/06/23,19500.0
FILTRO SEPARADOR TRANSMISION INTER 7600 (BALWIN B2),BALWIN B2,2023/11/17,28000.0
FILTRO ACEITE MOTOR CAMIONETA JAC (OLP016/LF716),OLP016/LF716,2023/06/26,15000.0
TIJERA SUP DER MITSUBISHI L200 (4010A14-DER/EDK-D1-4010A148),4010A14-DER/EDK-D1-4010A148,2023/10/20,268908.0
SOPORTE CARDAN MITSUBISHI SPORTERO (SPSPC-01C),SPSPC-01C,2023/03/28,134454.0
TERMINALES NISSAN FRONTIER NP300 CORTAS (SE-4832NSS),SE-4832NSS,2018/07/16,50420.0
BIELETA TOYOTA HILUX (48820-0K130),48820-0K130,2019/12/05,37815.13
TERMINALES DIRECCION TOYOTA HILUX REVO (45046-09281),45046-09281,2023/03/30,100840.0
PASTILLAS TOYOTA GENERICAS (FOR-15678776),FOR-15678776,2021/02/17,109244.0
COMPRESOR VW AMAROK CRAFTER EQUI DENSO (01S-0056),01S-0056,2023/02/24,1218487.39
BUJE TIJERA CORTO NISSAN D23 (54542-2S610),54542-2S610,2023/08/14,25571.0
BARRA CENTRAL DE DIRECCION NISSAN FR D22 (BRD D22),ZSG-6304,2021/02/18,193277.0
SOPORTE CARDAN NISSAN FRONTIER (37521-36625),37521-36625,2021/11/09,109244.0
SOPORTE CARDAN TOYOTA HILUX (37230-35120),37230-35120,2023/03/30,126050.0
CRUCETA 354 CARDAN TOYOTA HILUX (CR-354TY),CR-354TY / JL354,2021/01/05,33613.4
ROTULA SUPERIOR NISSAN FRONTIER NP300 (2655),2655/4010-EA000TH,2020/05/14,42017.0
ROTULA INF NISSAN NP300 D23  HOM (RT-S-NSS-01/40160E/40160-EB70A),RT-S-NSS-01/40160E/40160-EB70A,2023/09/05,65900.0
CAPSULAS (5054),5054,2023/07/13,1681.0
PERNO MITSUBISHI L200 2.5 DIE COMPLETO (PRMT 25L200),PCFTN01,2019/03/26,7563.0
KIT GRADUACION FRENO L200 (KITGR L200),KITGR L200,2023/01/13,27200.0
CILINDRO FRENO SPORTERO L200 (CIFRL200-01),CIFRL200-01,2018/02/06,42017.0
CORREA ACCESORIOS NQR REWARD 7PK1130 (7PK1130),7PK1130,2022/03/02,40336.13
JUEGO TORNILLO CALIPER DMAX (CRDIMAX),CRDIMAX,2023/01/13,24370.0
BUJE BARRA ESTAB DEL NISSAN D23 (54613-2S600),54613-2S600,2023/10/20,21008.0
BIELETA DIR BARRA EST DEL NISSAN D23 L (54668-4KH0A),54668-4KH0A,2023/08/14,80067.0
TIJERA INFERIOR NISSAN FRONTIER D22 (TIJ2172),TIJ2172,2018/10/02,201682.0
FLOTADOR COMBUSTIBLE NISSAN FRONTIER D22 (FLO2172),FLO2172,2018/07/07,126050.0
PASTILLAS NISSAN FRONTIER NP300 (FOR-830-7703),10948200,2019/02/27,58823.5
GUAYA FREDNO EMERGENCIA VW AMAROK (2H6609721A),2H6609721A,2021/07/23,126077.0
SOPORTE CAJA AUXILIAR SPORTERO V11 V6 (MB58184),MB581845,2023/04/10,42017.0
BOMPER DELANTERO NISSAN FRONTIER 2012 (BMPD22),EB3B17666AA,2018/02/16,379832.0
GUARDAPOLVO NISSAN FRONTIER LADO CAJA (GP-NSSFR-01LC),GP-NSSFR-01LC,2021/05/07,47647.0
GUARDAPOLVO NISSAN FRONTIER LADO RUEDA (GP-NSSFR-01LR),GP-NSSFR-01LR,2021/05/07,47647.0
BOMBA AUX. MITSUBISHI L200 (MR9808),MR9808,2023/03/30,75630.0
BLOWERS MOTOR VENTILACION DOBLE ASPA 24 (01R-3001),01R-3001,2023/02/24,201680.67
PASADOR HINO FSR FRR TRAS 25*115 (36960105),36960105,2023/02/25,14977.0
CENTRAL-CENTRALES-GS (1/2*8 G.8 CT),1/2*8 G.8 CT,2023/03/14,7083.0
PORTAMANGUETA TOYOTA HILUX 4X4 DIESEL (RPTAMAGTOY01),RPTAMAGTOY01,2018/02/19,285714.0
ROTULA SUP NAVARA NISSAN (40110-E),40110-E/40110-4,2023/10/20,75630.0
ACEITE EUROL SUPER LITE 5W-30 (E100091-210L),E100091 - 210L,2023/07/25,17005.0
TIJERA INFERIOR TOYOTA HILUX 2014 DIESEL (TJINFTOY01),TJINFTOY01,2018/02/20,201681.0
GUAYA FRENO DE MANO NISSAN FRONTIER 2.5 (GYINSSFM01),GYINSSFM01,2018/02/20,50420.0
RETENEDORES VARIOS TOYOTA (RETV-01),RETV-01,2021/12/14,45966.0
AXIAL DIRECCION TOYOTA HILUX HOM (45503-09321),45503-09321,2023/04/21,218487.0
ROTULA INF TOYOTA HILUX (43330-09295),43330-09295,2022/09/05,52900.0
RODAMIENTO DEL TOYOTA HILUX GENERICO (2DUF054N-2GR),2DUF054N-2GR,2022/07/15,184874.0
BUJE BARRA ESTAB MITSUB. L200 (4056A219/MD1701),4056A219/MD1701,2023/06/06,21008.0
BUJE TIJERA INF CORTO TOYOTA HIL. FOTON (48654-OK040C /48654-GK512988),48654-OK040C /48654-GK512988,2023/03/30,50420.0
KIT CALIPER MORDAZA TOYOTA HILUX (KT ORRIN HILUX),KT ORRIN HILUX,2022/04/19,18067.0
ROTULA SUP TOYOTA HILUX (RT-S-TOY-01/43310 - 09015),RT-S-TOY-01/43310 - 09015,2023/02/14,55900.0
BUJE TIJERA INF LARGO TOYOTA/FOTON (48665-OK040L),48665-OK040L,2022/09/19,42017.0
HOJA BALLESTA IMA TRASERA (001-4280/22-097/3 FRR/3),001-4280/22-097/3 FRR/3,2023/10/03,164997.0
TENSOR REPARTICION TOYOTA HILUX (ZA-62TB0629B25),ZA-62TB0629B25,2019/07/04,100840.0
RETEN ROD DEL NISSAN FRONTIER 2.5 (RETDELNS),RETDELNS,2018/03/23,4201.68
RODAMIENTO INT. DEL NISSAN FRONTIER (RD01NS2.5),RD01NS2.5,2018/03/23,42017.0
RODAMIENTO EXT. DEL NISSAN FRONTIER (RDEXNA022),RDEXNA022,2021/10/19,252900.0
BUJE MUELLE METALICO  HOJA PPAL TOYOTA (RB410/614007),RB410/614007,2023/07/21,7590.0
GUARDAPOLVO LADO RUEDA TOYOTA HILUX (105701),105701,2019/09/21,21008.42
ROTULA INF MITSUBISHI L200 (UB39-99-354 TH),UB39-99-354 TH,2023/04/21,75630.0
DISCO DE FRENO MITSUBISHI L200 (DISCL200),DISCL200,2020/01/03,109243.7
ROTULA SUPERIOR MITSUBISHI (ROTL201SP),ROTL201SP,2018/04/02,50420.0
BUJE TIJERA SUP L200 2.5 DIESEL (BJSUPTJ01/MR5193),GK-512854 / MR5193,2023/01/23,32900.0
CRUCETA CARDAN MITSUBISHI L200 2.5 DIESE (CUCCDL200),CUCCDL200,2020/01/08,42016.75
CARCASA BOMBIN TOYOTA HILUX (CZBT-01),CZBT-01,2019/09/24,235294.0
FILTRO COMB TOYOTA HILUX 2.5 DIES (23390-0L041),23390-0L041,2022/10/06,54622.0
BUJE AMORTIGUADOR DEL. MISUBISHI L200 (MB-72-15200TGL200),MB-72-15200TGL200,2023/04/21,25210.0
TERMINAL DIRECCION MITSUBISHI L200 (TERML200),TERML200/ES800430TH,2023/10/04,75630.0
SOPORTE  CAJA MITSUBISHI SPORTERO L200 (SPTECAJAL200/ MR9927),SPTECAJAL200/ MR9927,2023/06/06,294118.0
PIN SEMI EJE FORD RANGER (SELLO ACEITE) (AB393B9623AA),AB393B9623AA,2021/11/12,768.0
RODAMIENTO DEL. MITSUBISHI L200 SPORTERO (RODDELL200),RODDELL200,2021/11/09,184874.0
LLANTA 265/70R16TPR04 LC01 LAUFEN,12,2023/05/26,0.0
ACEITE 75W-90 SINTETICO COEX (75W-90 COEX),75W-90 COEX,2021/08/21,34097.91
BENDIX ARRANQUE (01),17370,2018/06/15,46218.5
FILTRO COMB TRAMPA YUTONG BUSETA (R90),R90,2023/07/04,60000.0
BOMBA HIDRAULICO SPORTER (02),FSMAXI70AMP,2018/06/18,462185.0
CORREA DE REPARTICION  TOYOTA HILUX (13568-39016),BX69,2019/07/04,109244.0
AXIAL DIRECCION VOLKWAGUEN AMAROK 2.0 (7LO-42-821B),7LO-42-821B/VX7L10/JB24,2021/10/19,40000.0
PUNTA DE EJE LADO RUEDA TOYOTA HILUX (TO38106-762),TO38106-762,2019/07/18,92437.0
CRUCETA GUN46 (CR-GUN46),CR-GUN46,2018/07/01,25210.0
GUAYA TAPA TANQUE TOYOTA HILUX ORG (77035-OK130),77035-OK130,2019/08/14,65469.0
SOPORTE CAJA NISSAN FRONTIER (SCNSSFR-01),SCNSSFR-01,2020/05/14,37815.0
PASADOR HINO FC/GD BUSETON TRAS P/DEL (005-000-30X124/36035086),005-000-30X124/36035086,2023/07/18,25385.0
CORREAS ACCESORIOS TOYOTA 7PK1515 (7PK1515),BX37,2019/08/28,58823.5
PERNO COMPLETO TOYOTA (PERTY-01),PERTY-01,2020/06/30,5882.4
PASTILLAS MAZDA BT50 GENERICA (FOR-1574-8754),FOR-1574-8754,2019/01/22,115966.0
PERNO COMPLETO MAZDA BT50 / FORD RANGER (PERN03T01),PERN03T01,2018/09/13,8403.34
HOJA BALLESTA IMA (22-097/5 FRR/5),22-097/5 FRR/5,2023/03/14,240138.0
BUJE BARRA ESTAB TOYOTA HILUX FOTON TUN (48815-OK040),48815-OK040,2023/05/08,25210.0
GUARDA POLVO LIR BT50 (BT50),BT50,2018/08/13,16807.0
LLANTA 265/65/R17 CAMIONETA MT HANKOOK (HK813-RT05),HK813-RT05,2023/05/26,0.0
GRAPA ST-GRAPAS IBH (0828N0 3/4*23/4*14),0828N0 3/4*23/4*14,2023/03/14,10094.0
TERMOSTATO NISSAN FRONTIER (467),467,2018/09/05,46218.5
VALVULAS  IN YOSK NISSAN FRONTIER (IN463),AP3227-2,2018/09/05,252101.0
EMPAQUE TAPAVALVULAS NISSAN FRONTIER (466),FS10AMP/3P,2018/09/05,16807.0
CULATA YD25-NISSAN FRONTIER (YD25),FS30AMP-30,2018/09/05,2100841.0
MANGUERA FRENO DIMAX DEL IZQ (8981220430),8981220430,2022/11/29,100840.0
FILTRO COMB FORD RANGER 3.2 2021 ORG (EB3Z9365B/LU2Z9365A/AB399176AC),EB3Z9365B/LU2Z9365A/AB399176AC,2023/10/03,96616.0
ASIENTO GOMA RESORTE DEL NISSAN NP300 (54034EB70A),54034EB70A,2023/08/14,60588.0
PERNO COMPLETO NISSAN (PRNSS-01),PRNSS-01,2018/09/13,50420.16
"GRASERA CURVA 3/8"" RF  (G26/5251ML0026)",G26/5251ML0026,2023/02/25,1818.0
KID EMBRAGUE TOYOTA HILUX (480),480,2018/09/13,588235.3
TERMOSTATO TOYOTA HILUX (481),481,2018/09/13,50420.0
CRUCETA CARDAN MAZDA BT50 (482),GUD29,2018/09/26,33613.0
BOMBILLO GOTERA LUZ MEDIA 158 (07I06118/O7I06118),07I06118/O7I06118,2023/07/27,1344.0
PATIN TENSOR CORREA ACCESORIOS TOYOTA HI (PTA-CCT-01),PTA-CCT-01,2020/10/14,193277.0
RODAMIENTO DEL TOYOTA HILUX ORGINAL (43560-60010),43560-60010,2018/11/16,151261.0
MEDIDOR COMBUSTIBLE TANQUE L200 (MC01200),MC01200,2023/06/06,184874.0
LLANTA 215/75R17.5 CM986 CHAOYANG DIR. (CM986),CM986,2023/04/11,495714.0
JUEGO DE GRADUACIONES TOYOTA (JGRD),JGRD,2018/10/22,42016.83
JUEGO DE RESORTES TOYOTA (JRTOY),JRTOY,2020/05/11,0.0
JUEGO DE PUNTILLAS (JFPUNT),JFPUNT,2022/04/18,11765.0
CORREA 17305 NISSAN (17305),COR17440,2018/10/22,21008.5
TUERCA PERNOS NISSAN (TRCPRNSS),TRCPRNSS,2018/10/22,8403.33
TUERCA PERNOS TOYOTA (TRCPRTY-01),TRCPRTY-01,2018/10/22,8403.33
CILINDRO FRENO TOYOTA HILUX (47550-09070),47550-09070,2019/07/13,42017.0
EMPAQUE TAPA VALVULA TOYOTA HILUX (EMPTTOY),FSMAXI80AMP,2018/10/22,16807.0
FILTRO COMB LUV DMAX (HCX-94143479),HCX-94143479,2022/11/05,7875.0
BANDAS FRENO FORD RANGER BT50 DIESEL (BP1004/UCYR-26-38Z/58139/BS1004),BP1004/UCYR-26-38Z/58139/BS1004,2023/09/18,105000.0
PLUMILLA 24´ ACEDELCO GOLD HOMOLOGADA (PLU ACD 1935539),PLU ACD 1935539,2023/10/03,38940.0
DISCO DE FRENO TOYOTA HILUX 2.5 DIESEL (D1012),D1012,2022/09/10,108325.0
BUJE TIJERA INF TRAS VW AMAROK 2.0 (131563),131563,2022/06/24,34844.0
BUJES DE TIJERA NISSAN LARGO (35-4023BJNSS),35-4023BJNSS,2018/11/16,42016.75
CRUCETA 521 HD (CR-521HD),CR-521HD,2018/11/16,33613.5
CRUCETA CARDAN BULL 331 FOTON (BL331 /T3515378X),BL331 /T3515378X,2022/05/24,39309.0
PLUMILLA 18´ ACEDELCO GOLD HOMOLOGADA (PLU ACD 19375533),PLU ACD 19375533,2023/10/03,40031.0
ACEITE EUROL GLOBENCE SA 15W-40 (E100157-210L),E100157 - 210L,2023/07/25,15941.0
DEPOSITO AUX REFRIGERANTE VIGO (TARRO),TARRO,2018/12/22,134453.78
BUJES GS B/MET 30X25X70 (043-0.00),043-000-30X25X70,2023/05/19,7590.0
CRUCETA GUN BL359 FOTON (CR-GUN359),CR-GUN359,2019/06/27,29411.8
KIT PRENSA DISCO VALVULINA TOYOTA HILUX (KIT VIGO),KIT VIGO,2019/02/28,571428.57
BUJE TIJERA INFERIOR NISSAN NP300 (BJINFD23),HCH10695,2021/04/28,37815.0
TERMINAL DIRECCION NISSAN FRONTIER D23 (TERMD2301),TERMD2301,2023/06/08,156937.0
AXIAL DIRECCION NISSAN FRONTIER D23 ORIG (485214KH0A),485214KH0A,2022/10/25,254202.0
AMORTIGUADOR TRAS NISSAN D23 ORIG (AMRTRASD23),AMRTRASD23,2023/05/12,243025.0
BIELETA BARRA EST DEL NISSAN D23 R (54618-4KH0A),54618-4KH0A/K 800434,2023/08/14,80067.0
ACEITE EUROL SYNTENCE 5W-30 (E100062-210L),E100062 - 210L,2023/07/25,23467.0
BIELETA B. ESTABILI DELAN DERE FORD,EB3C3052BA,2022/08/19,0.0
FILTRO ACEITE CAMION INTERNATIONAL (BD7154),BD7154,2021/07/17,119000.0
GUARDAPOLVO EJE GENERICO (GPG-01),GPG-01/111218A,2019/03/26,8403.3
TUERCA PERNO FORD RANGER (TPF00219mm),TPF00219mm,2021/09/16,4000.0
BIELETA BARRA EST CHEVROLET/COLORADO RH (K717081),K717081,2023/10/17,35900.0
GUARDA POLVO LADO CAJA LUV DMAX 2015 (GPDMX15LC),GPDMX15LC,2019/04/23,16807.0
GUARDA POLVO LADO RUEDA LUV DMAX 2015 (GPDMX15LR),GPDMX15LR,2019/04/23,16807.0
BUJE TIJERA DEL VW AMAROK INF PEQ (2H0407183A+ /510359),2H0407183A+,2023/05/23,40483.0
ROTULA SUP LUV DMAX RT50 (804022431923),804022431923/8980058270,2022/07/15,45000.0
KIT EMBRAGUE MITSUBISHI SPORTERO 2.5 DIE (KTEML200),DIS009,2019/05/11,546218.5
RETENEDOR CIGUEÑAL L200 SPORTERO (RET01CG01),RET01CG01,2019/05/11,46218.5
AMORTIGUADOR DEL MONROE DAKAR DIMAX RT50 (5LD65358/TS65402),5LD65358/TS65402,2023/07/11,261708.0
UREA MGREEN GALON (UMGREENGL),UMGREENGL,2023/06/26,26000.0
FILTRO ACEITE MOTOR NISSAN D23 ORG (15208BN30A),15208BN30A,2023/11/02,45546.0
CORREA DE ACCESORIOS NISSAN FRONTIER D23 (7PK1750),7PK1750,2023/10/20,54622.0
BUJE TIJERA SUP TOYOTA/FOTON (BS48664-OK-040C),BS48664-OK-040C,2022/05/10,33613.0
SOPORTE CAJA TOYOTA HILUX 2.5 DIESEL (SOPTYCJA01),SOPTYCJA01,2020/11/28,92437.0
GUAYA FRENO DE MANO TOYOTA IZQ (GFITO1),GFITO1,2022/08/02,250420.0
KIT EMBRAGUE TOYOTA HILUX 2.5CC DIESEL (KTEMGTY01),KTEMGTY01,2020/02/12,588235.0
BIELETA DIR BARRA EST L200 2.5 DIE (L) (BIEL200/4056A19),BIEL200/4056A19,2023/06/06,67227.0
TIJERA SUPERIOR DER. NISSAN FRONTIER D22 (TIJSPD22DER),TIJSPD22DER,2019/07/24,142857.0
PASTILLA FRENO NISSAN FRONTIER D23-JAC (SP4080/91411911BPR/9141/8906-1736BPR),SP4080/91411911BPR/9141,2023/08/28,87000.0
PASTILLAS FRENO KIA K2700 DIESEL (OK60A3328ZA),K7072,2019/08/20,71428.95
CILINDRO FRENO NISSAN FRONTIER D23 (44100-86G10),44100-86G10,2023/07/26,65126.0
FILTRO AIRE ACOND FORD RANGER 2.2 3.2 (SFAAA3919N619 /ACP-120/HB3Z19N619MKT),SFAAA3919N619/ACP-120/HB3Z19N619MKT,2023/10/20,13500.0
CRUCETA CARDAN  GUM 21 CARDAN FOTON (CR-GUT1),CR-GUT-21,2023/06/26,21008.0
CORREA  ACCESORIOS MITSUBISHI L200 (CRRL200),8PK1805,2019/08/28,67227.0
FILTRO COMB HINO FC9J EU V (FLP506 / 23304-EV470),FLP506/23304-EV470,2023/08/22,87000.0
HOJA BALLESTA IMA TRAS (22-097/1 FRR/1),001-4280/22-097/1 FRR/1,2023/10/03,280353.0
PASTILLAS DE FRENO FOTON TUNLAND DC (7298LD / SP12222),7298LD / SP12222,2022/05/10,84034.0
JUEGO PUNTILLAS L200- REVO (KP61-07),KP61-07,2023/03/14,28000.0
FILTRO AIRE MOTOR TOYOTA HILUX REVO HOM (HCAL040/AIP977),HCAL040/AIP977,2023/10/20,27000.0
DESINCRUSTANTE COIL CLEANER LIMPIEZA EX (01DC-001),01DC-001,2023/02/24,12605.04
LIQUIDO DE FRENOS DOT4 LITRO (LIQ-FRE-1000C),LIQ-FRE-1000C,2023/07/13,22388.5
BIELETA DIR BARRA EST L200 2.5 DIE (R) (BIEL200TO01/4056A19),BIEL200TO01/4056A19,2023/06/06,67227.0
ACEITE EUROL EVOLENCE 0W-20 12L (E100128-12L),E100128 - 1L,2023/07/25,23619.0
PUNTA DE EJE LADO CAJA TOYOTA HILUX (TO82351153),TO82351153,2020/01/03,159664.0
GRAPAS GS ST (3/4*2 3/4*14),3/4*2 3/4*14/5/8,2023/03/14,15940.0
BIELETA DIRECCION FORD RANGER 2020 (JB3C3052AA),JB3C3052AA,2022/07/01,137168.0
PERNO COMPLETO LUV DMAX 2.5 DIESEL 2018+ (1026PR),1026PR,2020/02/12,8403.0
CILINDRO FRENO LUV DMAX RT50 (CL8973193000 / CR0903),CL8973193000 / CR0903,2022/08/01,48739.0
AMORTIGUADOR TRAS TOYOTA TOKIKO - KYB (E2979/ 44012/ 349015),E2979/ 44012/ 349015,2023/07/27,168067.0
AMORTIGUADOR TRAS TOKYKO MITSUBISHI L200 (2989),2989,2023/10/04,193277.0
PASTILLAS TOYOTA HILUX ORIGINAL (04465-35290),04465-35290,2020/04/24,100840.0
FILTRO AIRE TOYOTA HILUX 2.5 DIESEL  ORI (17801-OrigC-010),BRID25570R16,2020/04/24,42017.0
PASTILLAS FRENO LUV DMAX RT50 DIESEL (ACD000226-10298 / 89051676BPH),ACD000226-10298 / 89051676BPH,2023/05/08,80750.0
FILTRO COMB NISSAN D23 ALASKAN HOM (FLP472/HCP4720/SAKURA-EF18050/ACD000497),FLP472/HCP4720/SAKURA-EF18050/ACD000497,2023/10/20,28500.0
CRUCETA CARDAN CHEVROLET DMAX (T35153X),T35153X,2022/11/19,21008.0
ALETA G/FANGO TRASERO IZQUIERDO FORD (EB3Z16A550AM),EB3Z16A550AM,2022/08/17,174998.0
BANDAS FRENO NISSAN D23 4X4 ORIGINAL,D40604KH3A,2022/08/19,401765.0
FILTRO AIRE MOTOR SPORTERO L200 ORIGINAL,1500A098,2022/08/02,67227.0
FILTRO ACEITE  SPORTERO L200 ORIGINAL (1230A186),1230A186,2022/08/02,46218.0
FILTRO COMBUSTIBLE SPORTERO L200 ORIGINA (1770A233),1770A233,2021/07/07,50420.0
SOPORTE MOTOR FORD RANGER 3.2 DER ORIG (UF9-39-05XA / AB3Z6038V/),UF9-39-05XA / AB3Z6038V/,2023/07/04,134359.0
BIELETA BARRA EST TRASERA NISSAN D23 (5626-14KH0A),5626-14KH0A,2023/07/10,95546.0
MUÑECO DELANTERO TOYOTA (1022),4881060040TH,2021/04/28,50420.0
TIJERA INFERIOR BT 50 FORD RANGER DER (K340420R),K340420R,2023/05/18,299800.0
FILTRO AIRE ACOND CHEVROLET COLORADO HOM (ACP153K),ACP153K,2023/02/16,18720.0
ACEITE EUROL TRANSYN 75W-90 GL 4/5 - 210 (E110075-210 L),E110075 - 210 L,2023/07/25,19277.0
CRUCETA CARDAN GUM 91 L200 (GUM91/T35153X/04M00602),GUM91/T35153X/04M00602,2023/10/31,18487.45
CRUCETA CARDAN GUM 93 L200 (CR-GUN-93),CR-GUN-93,2023/10/31,23529.4
SENSOR ABS TRAS FORD RANGER 3.2 DER (JB3Z2C190A/2233193),JB3Z2C190A/2233193,2023/11/23,461246.0
CORREA 17350 NISSAN (17350),17445,2021/03/03,16807.0
BANDAS FRENO DIMAX R750 / MIT. L200 HOM (BAN-6605/BS380/BP-6605),BAN-6605/BS380/BP-6605,2023/10/20,125000.0
ANTIRUIDOS RT-50 /NP300/RANGER/L200 (AP3227/3385/3394),AP3394-3,2021/04/17,27900.0
BANDAS FRENO NISSAN D23 HOM (BPI003 /BAN1189/BS1003),BPI003/BAN1189/BS1003,2023/10/26,135294.0
GUARDAPOLVO MITSUBISHI L200 LADO CAJA (GP-MITSU-01LC),GP-MITSU-01LC,2021/05/13,12605.0
GUARDAPOLVO MITSUBISHI L200 LADO RUEDA (GP-MITSU-01LR),GP-MITSU-01LR,2021/06/23,17500.0
CRUCETA BL387 FOTON TUNLAND (BL387),BL387,2021/07/30,33613.0
FILTRO AIRE ACOND NORMAL TOYOTA HILUX (HCC52020),HCC52020,2021/07/30,11765.0
ACEITE EUROL SYNTENCE - 5W-30  12L (E100062 - 12L),E100062 - 1L,2023/07/25,28920.0
AMORTIGUADOR DEL FORD 3.2 >2020 ORG (JB3Z18124S),JB3Z18124S,2023/10/17,0.0
FILTRO COMB TOYOTA HILUX REVO (FLP476),FLP476/F11141-SAKURA,2023/11/16,60000.0
BRAZO COMPENSADOR MAZDA BT-50 (45490-39),DIS014,2021/07/30,168067.0
PASTILLAS DE FRENO TOYOTA 4.5 (FOR-D4367298),FOR-D4367298,2021/08/18,75630.0
COPELA /SOPORTE AMORTIGUADOR TOYOTA (48609-0K050),48609-0K050,2022/03/01,59496.0
CORREA AIRE ACOND L200 (CR 4PK0860),4PK0860,2023/04/17,16807.0
CORREA ACCESORIOS MITSUBISHI L200 (6PK1500),6PK1500,2023/05/11,18487.0
ACEITE EUROL HPG EP 85W-140 GL5 - 5L (E110640-5L),E110640 - 5L,2023/07/25,15036.0
BOMBA HIDRAULICO SPORTERO (MR 9928),MR 9928,2023/03/30,630252.0
ACEITE EUROL FUSION 10W-40 (E100113-210L),E100113 - 210L,2023/07/25,14682.0
AMORTIGUADOR DEL KYB TOKIKO MITSUB L200 (340033 / 34 /Q3784),340033 / 34 /Q3784,2023/07/27,235294.0
AXIAL DIRECCION FORD RANGER 2.2 3.2 HOM (EV 800418),EV 800418/AB313280AB,2022/06/28,84034.0
BOMBA PRINCIPAL EMBRAGUE TOYOTA VIGO (31410-34),31410-34,2022/07/26,184874.0
AMORTIGUADOR TRAS MONROE MITSUBISHI L200 (34803),34803,2022/08/24,142857.0
FILTRO ACEITE TOYOTA 2.5 HILUX - REVO OR (90915-20003/A178),90915-20003/A178,2023/09/14,26000.0
BOCIN DELANTERO MITSUBISHI L200 CON RODA (BOC321201 + RODAM),BOC321201 + RODAM,2023/10/20,109244.0
CAJA DE DIRECCION NP300 (49001),49001,2022/10/25,1344538.0
BOMBA HIDRAULICA TOYOTA 4X4 HILUX (BOMHID),BOMHID,2022/12/21,705882.0
TERMINAL ENCHUFE HEMBRA PIN (42100/KTC235014),42100/KTC235014,2023/07/31,90.0
SOPORTE MOTOR MITSUBISHI NATIVA SPORTERO (012541),012541,2023/06/06,75630.0
CAJA DIRECCION HIDRAULICA MIT. L200 (7169276),7169276,2023/03/30,1134454.0
RADIADOR MITSUBISHI L200 2.5 DIESEL HOM (HRALAN),HRALAN,2023/03/30,588235.0
RODAMIENTO COMPRESOR L200 SPORTERO  (ROD 6303),ROD 6303,2023/03/30,29412.0
TIJERA SUP IZQ MITSUBISHI L200 (4010A14-IZQ),4010A14-IZQ,2023/10/20,268908.0
BUJE AMORTIGUADOR TRAS. NISSAN D23 DIE (BUJAMTRD23),BUJAMTRD23,2023/04/21,25210.0
SOPORTE CAJA MITSUBISHI L200 2.5 DIESEL (SPT01CJ01),SPT01CJ01,2023/04/21,294118.0
AXIAL DIRECCION MITSUBISHI L200 HOMO (580267TH/44250-0),580267TH/44250-0,2023/11/07,71428.7
KIT REPARTICION MITSUBISHI L200 HOM (KITMITL200HOM),KITMITL200HOM,2023/08/28,33445.0
GUAYA FRENO DEL LH MITSUBISHI SPORTERO (MN1024),MN1024,2023/05/04,151261.0
FLOTADOR DE GASOLINA TOYOTA 4.5 (AG10339),AG10339,2023/05/04,210084.0
EMPAQUE TAPA VALVULAS MITSUBISHI L200 SP (V555403),V555403,2023/05/04,21008.0
RETEN INYECTORES GRANDES MITSUBISHI SPOR (MN-1583),MN-1583,2023/05/04,12605.0
RETEN TAPA VALVULAS SPORTERO DIESEL 2.5 (1052A09),1052A09,2023/05/04,12605.0
BUJE TIJERA INF HOM NISSAN FRONTIER D23 (48655-0),48655-0,2023/09/19,50420.0
BUJE BARRA ESTAB  NISSAN D23 HOM (BJESTR2301),BJESTR2301,2023/05/08,25210.0
AMORTIGUADOR DEL KYB  TOYOTA VIGO (341372),341372,2023/05/08,218487.0
BUJE TIJERA SUP HILUX REVO (48632-0),48632-0,2023/09/19,48739.0
ESPIRAL DEL TOYOTA RUNNER/PRADO (48131-60),48131-60,2023/09/19,210084.0
AMORTIGUADOR TRAS IZQ TOYOTA HILUX-REVO (E35117),E35117,2023/10/04,184874.0
AMORTIGUADOR DEL TOYOTA FORTUNER (40053-T),40053-T,2023/10/04,252101.0
POLEA ACC BOMBA HIDRAULICA SPORTERO L200 (1341A05),1341A05,2023/10/20,84034.0
POLEA ACC BOMBA AGUA SPORTERO L200 (1341A80),1341A08,2023/10/20,126050.0
CORREA ACANALADA MITSUBISHI L200 (7PK1625),7PK1625,2023/10/20,100840.0
TENSOR CORREA ACC MITSUBISHI L200 (1345A11),1345A11,2023/10/20,210084.0
CORREA DIR HIDRAULICA MITSUBISHI (17320-MI/4451A141),17320-MI/4451A141,2023/10/20,117647.0
BUJE BARRA ESTAB DIMAX RT50 (BUJE DIMAX),BUJE-DMAX/NE-T-39,2023/10/20,16807.0
POLEA TENSOR CORREA  ACCESO. NISSAN D23 (11925ED320),11925ED320/8170240,2023/10/20,235294.0
DISCO DE FRENO NISSAN NP300/D23 (DISCNP300),DF-0324/DISCNP300,2023/08/28,185000.0
COMPRA DE VEHICULO,22,2021/03/12,38965127.0
LLANTA 265/70R16TPR04 LC01 X FIT AT LAU (LF692),LF692,2023/05/24,437564.0
MANGUERA FRENO RANGER DELANTERA IZQUIERD (EB3Z2078F),EB3Z2078F,2023/04/11,172855.0
MANGUERA FRENO RANGER DELANTERA DERECHA (EB3Z2078E),EB3Z2078E,2023/04/11,172855.0
STOP NS NP300 2017 RH/LH DEPO (00117),00117,2023/10/31,252101.0
RELE HELLA C/SOP NEGRO (HELLA 933332361/51/71),HELLA 933332361/51/71,2022/01/25,5032.0
LLANTA 245-75-16 AT LAUFENN (LF711),LF711,2023/07/26,460000.0
SOPORTE BATERIA GENERICO (SOPTBAT),SOPTBAT,2020/01/16,0.0
BORNES PARA BATERIA BRONCE (BRNBAT-01),BRNBAT-01,2022/04/21,11632.0
PASTILLA FRENO DEL WOLKWAGEN CRAFTER 50 (CO-10289M-1),CO-10289M-1,2018/01/10,62214.0
PASTILLA FRENO TRAS WOLKWAGEN CRAFTER 50 (CO-10289M-2),CO-10289M-2,2018/01/10,56533.0
LLANTA HANKOOK 245-75 R 16 AT (HK711 245-75/R16),HK711,2021/04/16,431345.0
BATERIA MAC 27 1000 (27 1000M),17500,2020/10/19,387915.0
BATERIA MAC 27R1000 (27R1000M),A4053SP,2019/03/28,306625.0
BOCIN DEL NISSAN FRONTIER D23/NP300 HOM (402024KJ3),402024KJ3,2023/10/27,299800.0
ACEITE 15W40 CI4 - PLUS COEXITO GRANEL (COEX15W40),COEX15W40 / 302221/55,2023/07/13,13240.72
LLANTA 245-75-R16 MT CHAOYAN (CZ622 / CZ711),CZ622 / CZ711,2023/07/14,470588.24
BATERIA MAC 48IST1100 GOLD (MAC48IST1100 MG),DF3855,2020/10/19,302005.0
LLANTA 215 65 R16 HANKOOK CAMIONETA (HK621),HK621,2018/04/12,247200.0
LLANTA 205/75/17.5 DIRECCIONAL HANKOOK (HK687-AH15),HK687-AH15,2019/05/25,466554.0
BATERIA 34ST950 MAC GOLD (34ST3950M),34ST3950M,2021/11/10,265685.0
LLANTA 9.5 R17.5 HANKOOK TRACCION (HK1062A),HK1062A,2021/11/23,673110.0
BATERIA AUTO MAC (4D1500MC),4D1500MC,2023/07/29,686884.0
LIQUIDO FRENOS PINTA COEXITO (LIQ-FRE-290C),LIQ-FRE-290C,2023/01/12,6401.2
PLUMILLA 18´ ACEDELCO HOMOLOGADA (PLU ACD 19101993),PLU ACD 19101993,2023/11/14,18047.0
RETENEDOR RDA TRS HINO BUS BUSETA FURGON (69100/127-147-11),69100/127-147-11,2023/07/21,23633.0
LLANTA  HANKOOK 235/75 R17.5 PR14 DH 35 (HK1028),HK1028,2018/09/07,581513.0
FILTRO ACEITE RENAULT DUSTER (OLP-XT055),OLP-XT055,2023/09/21,12300.0
LLANTA HANKOOK 215/75R17 5 PR 12 AH30 (HK1057-AH30),HK1057-AH30,2019/11/12,437564.0
LLANTA HANKOOK 9 5 R17.5 PR16 DH35 (HK1062-DH35),HK1062-DH35,2022/03/15,782000.0
BATERIA SERVICIO TALLER. (ST31H1200),ST31H1200,2022/08/03,245875.0
BATERIA AUTO MAC 800 AMP CA 22 °C (24800M),C17630,2019/06/27,147840.0
AGUA DEMINERALIZADA BATERIA PINTA (AAT-DO72-01),AAT-DO72-01,2022/05/24,22547.0
BATERIA 48IST 1150-MACK GOLD (48IST1150-MG),48IST1150-MG,2023/11/02,348908.0
SENSOR ABS DEL DERECHO RANGER 3.2 (DB392C204B),DB392C204B,2023/09/25,386941.0
RESORTES BANDAS FRENO MITSUB. L200 (R-5142),R-5142/GF-4148,2023/10/06,22689.0
ACEITE TRANS 80W90 GAL ESP (3030105  VALV),DIS018,2019/03/07,28899.0
BATERIA 27 1250 MG MAC GOLD (271250-MG),271250-MG,2023/11/02,432968.0
BATERIA 27R 1250MG MAC GOLD (27R1250-MG),27R1250-MG,2023/11/02,432968.0
LLANTA 9.5 R17.5 16 AH35 DIRECC.HANKOOK (HK1048A),HK1048A,2023/01/03,833866.0
REFRIGERANTE VERDE CUARTO (3601-6),3601-6,2023/01/03,4258.67
ACEITE VALVULINA 80W90 CUARTO (80W90),HGP EP85W-140,2019/08/22,8172.5
ROTULA INF. NISSAN NP300 D23  ORIG (401604KH0A),401604KH0A,2022/07/26,103361.0
SENSOR EJE LEVAS RANGER 3.2 (6C1112K073AC),6C1112K073AC,2022/08/03,161514.0
GRASA CHASIS 2#3 35LBS COEXITO (402011/35),402011/35,2023/10/09,235500.0
ACEITE TRANSMISION CAJA ATF DEXRON III (ATF-DEXRON III),ATF-DEXRON III,2022/01/14,9591.57
GRASA COMPLEJO LITIO EP2 CX24 LBS (403042/24),403042/24,2022/03/26,10715.83
LLANTA 215/75/R17.5 PR16 DH35 HK CAMION (HK1093A),HK1093A,2020/12/16,484874.0
ACEITE HIDRAULICO 68 GLOBAL (ISO68 CUARTO),ISO68 CUARTO,2023/10/31,0.0
FILTRO COMB SEPARADOR BUS YUTONG (FS36253),FS36253,2023/04/30,45600.0
ROTULA INF DER/IZQ NISSAN ORG (ROTWA152AU),VA152/LD15/ROTWA152AU,2023/08/29,63479.0
CORREA 17300 NISSAN FRONTIER D22 A/A (17300),17300,2023/05/11,15126.0
LLANTA 265/65/R17 AT RF11 HANKOOK (HK241-RF11),HK241-RF11,2022/12/20,521008.0
BALINERA COEXITO 60201 (60201-2RS),6201-2RS,2020/10/19,3193.0
BALINERA COEXITO 6203 (CO6203-2RS),CO6203-2RS,2023/05/08,3100.0
LLANTA 195/75/R16 PR08 LAUFEN / VAN (LF108),LF108,2021/11/10,0.0
ACEITE MOBIL 1350 (1350),1350,2023/06/26,20250.0
LLANTA 205/75/17.5 TRACCION HANKOOK (HK685A),HK685A,2020/09/16,481968.0
BATERIA AUTO MAC GOLD 750 (NS60ZL750),BX89,2020/12/16,255575.0
LLANTA LT245-75-R16.10 RT05 HANKOOK (HK622-RT05),HK622-RT05,2023/10/24,599916.0
REFRIGERANTE GLICOL ROJO GALON (CO-136),CO-136,2023/05/10,34760.0
FILTRO AIRE MOTOR HINO FC9J 2021 EV (CFS 007),CFS 007,2023/10/30,321029.0
ACEITE 80W-90 TRANSMISION COEXITO (80W90 COEXITO),80W90 COEXITO / 303010/55,2023/07/13,12699.51
LLANTA 235/75/R17.5 TRACCION CHAOYANG (CZ1101),CZ1101,2023/08/29,453781.0
LLANTA 265/65/R17 MT CNFS (CNFSMTR17),CNFSMTR17,2021/11/23,558823.0
BATERIA MACK SILVER LN31200 MC (LN31200MC),LN31200MC,2023/11/23,426890.0
SUMINISTRO BATERIA TH (S-TH),16,2022/03/22,0.0
LLANTA 235/75 R17.5 PR14 CM988 CHAOYANG (CZ1038),CZ1038,2023/07/13,572857.0
ACEITE 15W40 MOBIL DELVAC MX GALON,MX15W40GL,2022/09/05,0.0
LLANTA 9 5 R17.5 CAMION TRACCIO CHAOYANG (CZ1100),CZ1100,2023/08/29,566639.0
LLANTA 195/55R15 PRA HANKOOK (HK 164-K120),HK 164-K120,2022/06/08,242016.0
MOTOR ELEVAVIDRIO DEL. IZQ FORD RANGER (6CP114553L1B),6CP114553L1B,2022/11/01,610834.0
LLANTA 255/70R16T HANKOOK (HK702RF11),HK702RF11,2022/09/06,488151.0
UREA ADBLUE EUROL (E301200-5L),E301200 - 5L,2023/07/25,8674.0
LLANTA 215/75R17.5 MD738 CHAOYANG TRAC (CZ1093),CZ1093,2023/06/27,395000.0
REFRIGERANTE COEXITO ANTICORROSIVO VERDE (CO130),CO130,2022/10/03,8622.0
LLANTA 205/65R15 HPR04 LH41 G FIT AS LAU (LF599),LF599,2022/10/25,245883.0
LLANTA 295/80R/22.5 DIRECC CHAOYANG (CZ1098),CZ1098,2023/06/27,1033025.0
LLANTA 295/80R/22.5 PR18 TRACC CHAOYANG (CZ1103),CZ1103,2023/07/13,970672.0
BALINERA COEXITO 6202 (CO6202-2RS),CO6202-2RS,2023/05/08,2439.0
BALINERA COEXITO 6205 (CO6205-2RS),CO6205-2RS,2023/05/08,5610.0
BALINERA COEXITO 6303 (CO6303-2RS),CO6303-2RS,2023/05/08,5235.0
ANALIZADOR BATERIA 12 VOL.DHC (BT222),BT222,2023/07/31,180000.0
LLANTA LT265/70R17/RT05 10PR HANKOOK (HK814-RT0),HK814-RT0,2023/10/09,704118.0
BATERIA MAC SILVER NS60S700M (NS60S700M),NS60S700M,2023/11/02,255797.0
LLANTA CAMION 9.5 R17 129L DSR116 16PR (CH1048),CH1048,2023/11/09,443613.0
FILTRO COMB FOTON TUNLAND (FLP467/HCP4870),FLP467/HCP4870,2022/09/14,89034.0
HOJA PRINCIPAL TRASERA NHR REWARD (98001543),98001543,2020/01/18,131944.0
BUJE MUELLE TEFLON CORTO 40mm (BJECO40mm),BJECO40mm,2021/06/28,4500.0
TORNILLO CENTRAL MUELLE DELANTERO FRR (009-000),009-000,2023/03/14,6077.0
TUERCA TORNILLO CENTRAL FRR 1/2 ALTA (008-0.00),008-0.00,2023/03/14,1844.0
HOJA PRINCIPAL DELANTERA CHEV. FRR IMAL (001-42.80),001-42.80,2020/05/29,114266.0
ACEITE 5W-30 SHELL HELIX ULTRA SINTETICO (5W30 SHELL),5W30 SHELL,2022/12/13,0.0
FILTRO COMB MITSUBHISHI FUSO CANTER (R90T),R90T,2023/07/04,60000.0
HOJA SEGUNDA VUELTA NISSAN FRONTIER (HRSEGNSS),HRSEGNSS,2018/08/24,54858.0
TORNILLO CTRAL MUELLE NISSAN FRONT 2.5 D (008-001),008-001,2020/01/18,1791.0
AMORTIGUADOR DEL MONROE KENWORT T800 (TS74454/TS74003),TS74454/TS74003,2023/07/11,318214.0
HOJA PRINCIPAL TRASERA FRR IMAL (22-0971),22-0971,2020/05/29,155401.0
FILTRO COMB TRAMPA FOTON AUMARK (HCX8019G),HCX8019G,2023/03/16,76612.5
PASTILLAS FRENO FORD RANGER 3.2 GEN (SP1596HIQ/8905FF-INCB/AB3Z22001B-BSH),SP1596HIQ/8905FF-INCB/AB3Z22001B-BSH,2023/11/14,157597.0
TUERCA ALTA IMPO TORNILLERIA-GS (5-16/TA-5/16-RF),5-16/TA-5/16-RF,2023/07/21,313.0
ACEITE EUROL GEO-MAX SA 10W-30 (E100168-210L),E100168 - 210L,2023/07/25,16752.0
TUERCA ALTA PARA GRAPA MUELLE (TUERCAMLL),TUERCAMLL,2022/04/18,1266.0
GRAPA MUELLE  NHR NPR NQR (GRAPA MUELLE NHR/NPR),GRAPA MUELLE NHR/NPR,2021/03/03,3703.0
ACEITE EUROL BREAKE FLUID DOT4 12L (E801400-12L),E801400 - 1L,2023/07/25,21448.0
FILTRO AIRE FOTON AUMARK (SFAAF26509),SFAAF26509,2023/01/14,35915.0
ACEITE 5W40 SHELL HELIX SINTETICO CUARTO (HELIX 5W40),HELIX 5W40,2023/03/08,50000.0
ACEITE 5W40 SHELL HELIX SINTETICO GALON (HELIX 5W40 GALON),HELIX 5W40 GALON,2022/12/13,193000.0
SENSOR ABS VW AMAROK 2.0 HOM D.I. (WHT003856-7D / 2H0927807-,WHT003856-7D / 2H0927807-8A,2022/07/15,84034.0
PASTILLA FRENO VOLKSWAGUEN AMAROK HOM (8767),8767BPH,2023/07/21,162224.0
SOPORTE MUELLE DELANTERO BUS FRR (0132000),0132000,2021/09/16,72612.0
LIQUIDO DE FRENOS EUROL BRAKE DOT4 (E801400-250ML),DIS012,2022/09/06,11003.0
AMORTIGUADOR DELANTERO FRR BUS (099000),099000,2021/09/16,224957.0
MANGUERA AIRE INTERCOLER FORD 3.2  (AB3Z6K683E/AB396K683E),AB3Z6K683E/AB396K683E,2023/09/02,672269.0
PASTILLAS DE FRENO (9141),9141,2022/09/06,103484.0
HOJA PRINCIPAL TRASERA HINO FC4J (TRAS 195-4280),TRAS 195-4280,2023/06/29,502082.0
HOJA SEGUND VUELTA TRASERA HINO FC4J (TRAS-SV 195-4280),TRAS-SV 195-4280,2023/07/18,427418.0
FILTRO COMB  MITSUBISHI FUSO FI (A70401SP / A4004770401),A70401SP / A4004770401,2023/07/04,36000.0
PASTILLAS FRENO MITSUBISHI SPORTERO L200 (SP1361 HI-Q/10296FF),SP1361 HI-Q/10296FF/3530-BPTC,2023/07/21,131279.0
HOJA BALLESTA IMA TRASERA (001-4280/22-097/2 FRR/2),001-4280/22-097/2 FRR/2,2023/10/03,229179.0
TUERCA ALTA RO-TORNILLERIA- GS (3/4),3/4,2023/03/14,1848.0
GRASERA RECTA 3/8 O 1/8 TORNILERRIA GS (G10/5251ML0010),G10/5251ML0010,2023/02/25,1334.0
TRASERA PBC PARABOLICAS IMA FORD RANGER (43-085/1PBC),43-085/1PBC,2023/07/11,373205.0
BUJE MUELLE HOMOLOGADO (9736),9736,2023/03/14,9666.0
HOJA BALLESTA IMA DEL (22-098/1),22-098/1,2023/03/14,206142.0
BALANCIN MUELLE DELANTERO NHR/ NKR (105000),105000,2023/05/19,60354.0
AMORTIGUADOR TRAS GABRIEL DMAX RT50 (3492221 / 69497),3492221 / 69497,2023/07/11,86290.0
AMORTIGUADOR DEL GABRIEL LUV DMAX RT50 (G51075),G51075,2023/07/11,133878.0
BLOQ FREN AIRE MCBLOCK MITSUBISHI CANTER (9134XX/M-9134/011-3000),9134XX/M-9134/011-3000,2023/07/21,280779.0
BUJES GS B/MET 36X30X70 (043-000-36X30X70),043-000-36X30X70,2023/07/18,14334.0
LUBRICANTE SUPERLUB AFLOJATODO (LB8608/294134),LB8608/294134,2023/07/21,18245.0
BUJE CHEVROLET LUV TRAS-BUJES-GS (BJ-9304),BJ-9304,2023/07/21,1834.0
SILICONA GRIS LOCTITE 5699 70ML (SI5699/475944),SI5699/475944,2023/07/21,22797.0
BLOQ FREN HINO BUSETON TRAS FC4J (011-30.00/9217D-MC-BLOCK),011-30.00/9217D-MC-BLOCK,2023/09/11,108596.0
ABRAZADERA-MISCELANEA-MAH (045-000/2 3/4X3),045-000/2 3/4X3,2023/10/03,6240.0
TRA-PROM. PROD. IMAL-IMA (995-000/22-097/9 FRR/9),995-000/22-097/9 FRR/9,2023/10/03,60418.0
HOJA TRAS BALLESTA IMA FRR (001-4280/22-097/4 FRR/4),001-4280/22-097/4 FRR/4,2023/10/03,141253.0
HOJA TRAS BALLESTA IMA FRR (001-4280/22-097/5 FRR/5),001-4280/22-097/5 FRR/5,2023/10/03,130045.0
HOJA TRASBALLESTA IMA FRR (001-4280/22-097/6 FRR/6),001-4280/22-097/6 FRR/6,2023/10/03,107082.0
HOJA TRAS BALLESTA IMA FRR (001-4280/22-097/7 FRR/7),001-4280/22-097/7 FRR/7,2023/10/03,139534.0
TRA-PROM. PROD. IMAL-IMA (995-0007/22-097/ FRR/10),995-0007/22-097/ FRR/10,2023/10/03,49013.0
1/2*10 CT G8-CENTRAL-GS (009-000/1/2*10 CT G8-CENTRAL-GS),009-000/1/2*10 CT G8-CENTRAL-GS,2023/10/03,7154.0
HOJA BALLESTA IMA TRASERA (001-4280/22-129/A2D 98064449 FRR),001-4280/22-129/A2D 98064449 FRR,2023/10/03,216309.0
3/8 TUERCA HEX RO G2-TORNILLERIA-GS (008-000/3/8 TUERCA HEX-RO G2-TORNILL),008-000/3/8 TUERCA HEX-RO G2-TORNILL,2023/10/03,420.0
3/8X1 1/4 TORNILLO AVELLAN RDO-GS (008-000/3/8X1 1/4 TORNILLO AVELLAN RDO-G),008-000/3/8X1 1/4 TORNILLO AVELLAN RDO-G,2023/10/03,1678.0
FILTRO COMB INTERNATIONAL 7600 (FS19624),FS19624,2023/07/04,55000.0
FILTRO AIRE MOTOR INTER 7600 INTERNO ORG (P613337 / A5441S),P613337/A5441S,2023/08/28,150000.0
FILTRO AIRE MOTOR INTER 7600 EXTERNO ORG (P628329 /A5441),P628329 /A5441,2023/08/28,250000.0
FILTRO COMB SEPARADOR AGUA INTER 7600 (WF2122 /WF2071 /BW5071),WF2122/WF2071/BW5071/WC-5705,2023/04/18,55000.0
FILTRO COMBUSTIBLE HINO 500 FC (HCX 7170 G),HCX 7170 G,2022/03/23,32200.0
GAS REFRIGERANTE  R134A LATA DUPONT (GAS R134A LATA),GAS R134A LATA/2328,2023/11/07,12184.87
ACEITE  COMPRESOR A. A. MOGA / VERDE (MOG100V),MOG100V,2023/05/09,29412.0
CORREA BX35 HIDRAULICO BUS WCS094 (CORBX35),C17480,2019/07/15,29411.92
BRAZO DE DIRECCION CHEV NQR (BRZNQR),BRZNQR,2023/08/01,319327.0
HORQUILLA CLUTCH ISUZU NKR 4JB1T CON T (8970337010),8970337010,2023/07/05,56617.0
BARRA TORCION TRASERA NISSAN D23 (562305JJ0A),562305JJ0A,2023/07/10,660168.0
MANGUERA  ADMISION AIRE INTERCOOLER D23 (144634KV0A),144634KV0A,2022/06/29,406748.0
MANGUERA  ENTRADA  AIRE INTERCOOLER D23 (144634KV2A),144634KV2A,2023/03/18,939916.0
GUAYA FRENO ESTACION DER. NISSAN D23 (365304KH0B),365304KH0B,2019/10/11,138489.0
GUAYA FRENO ESTACION IZQ NISSAN D23 (365314KH0B),365314KH0B,2019/10/11,154416.0
CORREA DIRECCION HIDRAULICA NISSAN D23 (11950EB70A /4PK820),11950EB70A /4PK820,2023/05/12,36975.0
BARRA ARTICU INFERIOR DIRECCION D23 DIES (480804KD0A),CO6301-2RS,2020/02/12,468813.0
BUJE BARRA DE TORSION NISSAN D23 (546134HH2A),546134HH2A,2020/05/28,16303.0
SWTICH ELEVAVIDRIOS DERECHO NISSAN D23 (254114JA0A),254114JA0A,2020/07/28,176555.0
BOCIN DELANTERO NISSAN D23/NP300 ORIG (402024KH3A),402024KH3A,2022/07/25,310000.0
SOPORTE DELANTERO MOTOR NISSAN D23/NP300 (112204JL0C),112204JL0C,2021/01/06,263277.0
PISTON MORDAZA TOYOTA HILUX (PM-1135),PM-1135,2022/04/19,26050.0
TAPA  RADIADOR  (TPGOTRD01),TPGOTRD01,2020/10/30,47563.0
COPELA SOP AMORTIGUAD DELANTERO NISSAN (COPELA 56115E70A),DIS019,2023/06/22,77731.0
MANGUERA FRENO ORIGINAL (462104KH6A),462104KH6A,2021/04/17,63193.0
LIMPIADOR DE PARTES FRENO BRAKE PART SPR (LIMFRE44149),LIMFRE44149,2022/08/01,22500.0
EMPAQUETADURA TURBO NISSAN NID23/NP300 (144155X00A),144155X00A,2021/04/29,131428.0
PASTILLA FRENO CHEVROLET COLORADO (SP1714),SP1714/8906-1736BPR,2023/05/23,93000.0
AMORTIGUADOR DEL ORG NISSAN D23 (1A18890/E61105JJ0A),1A18890/E61105JJ0A,2023/06/28,429916.0
LIMPIADOR DE PARTES FRENO NISSAN (NIMEXU03Q1),NIMEXU03Q1,2023/09/28,23277.0
LIMPIADOR CUERPO DE ACELERACION NISSAN (NIMEXU03Q2),NIMEXU03Q2,2023/09/28,23277.0
LUBRICANTE NISSAN AFLOJATODO (NIMEXU15Q4),NIMEXU15Q4,2023/10/25,18739.0
BIELETA BARRA EST NISSAN D23 LH HOM (54618-8H300),54618-8H300,2023/10/03,35900.0
BIELETA BARRA EST NISSAN D23 RH HOM (54668-8H300),54668-8H300,2023/10/03,35900.0
BORNE BATERIA NISSAN D23 (407999B),407999B,2022/04/22,79748.0
BUJE CAUCHO AMORTIGUADOR DEL NISSAN D23 (56217EB70A),56217EB70A,2023/02/03,16800.0
BUJE TIJERA INF NISSAN D23 NP300 ORIG (54560EB70A),54560EB70A/54560EB70AAU,2023/10/18,113950.0
ACEITE 15W40 PURE GUARD (P1515U),PU1515U,2023/02/13,34958.0
CONECTOR BORDE BATERIA ORIGINAL (243407999B),243407999B,2023/08/29,104034.0
PASTILLAS FRENO DELANTERA ORIGINAL,DA06M4KH0PNW,2022/08/19,307311.0
FILTRO AIRE ACONDICIONADOP ORIGINAL,272774KH0AL/ 272775JJOB,2022/08/19,26555.0
SWITCH E/VIDRIO ISUZU DMAX RT50 DEL (8981922560/000000008981922561),8981922560/000000008981922561,2023/08/02,388501.0
SEPARADOR AGUA PARA COMB FLEETGUARD (FS36209 / P506145 / SK48755),FS36209 / P506145 / SK48755,2023/06/26,125000.0
FILTRO SEP AGUA COMB CON VASO (AR60T),AR60T,2023/06/26,82000.0
FILTRO COMB NISSAN D23 ALASKAN ORGI (164034KV0A),164034KV0A,2023/11/02,150084.0
MANGUERA ADMISION AIRE ORIGINAL (144634KV1C),144634KV1C,2023/10/25,563193.0
SOPORTE AMORTIGUADOR DELAN COPELA ORIG (56115EB70A),56115EB70A,2023/05/31,77731.0
TERMINAL AXIAL NISSAN D23 ORIGINAL (D8E21EB70A),D8E21EB70A,2022/10/31,253782.0
FILTRO AIRE ACOND  ORIG NISSAN D23 (SFA-AA TYNS),SFA-AA TYNS,2022/11/24,64496.0
FILTRO AIRE MOTOR NISSAN D23 ORG (VA) (165464JM1A/AF54M4JM1PNW),165464JM1A/AF54M4JM1PNW,2023/11/02,33109.0
TORNILLOS BARRA TORSION NISSAN (54419-1),54419-1,2023/01/18,75546.0
FILTRO ACEITE MOTOR  NISSAN D23 ORIGINAL (15208-BN30A),DIS011,2023/09/07,45546.0
KIT AMORTIGUAD DELANTE Y TRASEROS D23X (KITAMODELD23),KITAMODELD23,2023/09/28,972101.0
MANGUERA ENTRADA DE AIRE NISSAN ORG (144634KV2B),144634KV2B,2023/10/25,394790.0
REFRIG AUPRO GALON ROJO ANTIOX Y ANTIC (AUPREFRICORRED/GLN),AUPREFRICORRED/GLN,2023/09/28,19412.0
REFRIGERANTE AUPRO EQUIPO PESADO LV (AUPREFRIGETRUCK),AUPREFRIGETRUCK,2023/05/31,44034.0
PASADOR ARTICULACION TRAVESANO (545805JJ0A),545805JJ0A,2023/05/31,83109.0
ROTULA TIJERA SUPERIOR (401104KH0A),401104KH0A,2023/05/31,240756.0
ARANDELA AJUSTE TIJERA DELANTERA (545592S40A),545592S40A,2023/05/31,17227.0
RESORTE TRAS SUSPENSION NISSAN D23 ORG (550204KU7A),550204KU7A,2023/07/10,333277.0
TERMOSTATO MOTOR 82 GRADOS NISSAN ORG (21200AD21A),21200AD21A,2023/07/11,132689.0
SENSOR TEM ACEITE MAXGEAR (2263044B20),2263044B20,2023/07/11,205294.0
BUJE TIJERA SUPERIOR DEL NISSAN (54542EB305AU),54542EB305AU,2023/08/14,44538.0
CAUCHO BARRA ESTABILIZADORA (2H0411313D),2H0411313D/2H0411313B,2023/09/28,9287.0
TERMINAL EXT IZQ NISSAN ORG (TERWA2817A),TERWA2817A,2023/08/29,45534.0
BARRA ESTABILIZADORA DER/IZQ NISSAN ORG (LINWA1317AU),LINWA1317AU,2023/08/14,35726.0
TERMINAL AXIAL DER/IZQ NISSAN ORG (AXIWA7LOAU),AXIWA7LOAU,2023/08/14,45239.0
FILTRO COMB SAKURA NISSAN FRONTIER NP300 (EF18050),EF18050,2023/08/14,69813.0
FILTRO COMB TOYOTA HILUX / MTL200 (FLP355 /HCPL010/F1111),FLP355 /HCPL010/F1111,2023/11/16,25100.0
FILTRO AIRE MOTOR NISSAN D23 (VA) (AF54M4JM1PNW),DIS005,2023/09/28,33109.0
BUJE AMORTIGUADOR DEL NISSAN FRONTIER (562194KH7AL),562194KH7AL,2023/09/28,40336.0
REFRGETANTE AUPRO QT ANTIOX Y ANTICORR (AUPREFRICORR1/4),AUPREFRICORR1/4,2023/09/28,7227.0
BUJE TIJERA INFERIOR DEL NISSAN (54560EB70AAU),DIS010,2023/10/25,40000.0
BOMBA DIR HIDRAULICA NISSAN D23 ORG (491104KV0A),491104KV0A,2023/11/01,2316891.0
GUAYA FRENO DE MANO TOYOTA DER (GFDTO1),GFDTO1,2022/08/02,205042.0
PLUMILLA 16´ ACEDELCO GOLD HOMOLOGADA (PLU ACD 19375531),PLU ACD 19375531,2023/07/25,34168.0
PIN SEGURO GUAYA TAPA COMB. HILUX (770K010),770K010,2019/08/14,9244.0
GUAYA EMERG. MAZDA BT50 DER (UR61-44-410A),UR61-44-410A,2019/05/15,154302.0
CHAPA DE PLATON (DER E IZQ) ORIGINAL (657800K010),657800K010,2022/09/27,110924.0
PERNO COMPLETO TRASERO FRR L (PRTRFRRL),PRTRFRRL,2020/12/23,18487.39
PERNO COMPLETO TRASERO FRR R (PRTRFRR-01),PRTRFRR-01,2020/12/23,18487.39
PERNO COMPLETO DELANTERO FRR R (PERDEL01),PERDEL01,2020/12/23,15126.07
PERNO COMPLETO DELANTERO FRR L (PERDEL02),PERDEL02,2022/03/26,182000.0
PERNO COMPLETO DELANTERO HINO L (PERTRHINO01),PERTRHINO01,2020/12/23,14705.89
PERNO COMPLETO TRASERO HINO L (PERTRHINO02),PERTRHINO02,2020/12/23,18487.39
PERNO COMPLETO DELANTERO HINO R (PERDELHINO02),PERDELHINO02,2020/12/23,14705.89
PERNO COMPLETO TRASERO HINO R (PERTRESHIN01),PERTRESHIN01,2020/12/23,18487.39
SOPORTE BALLESTA TRASERA (SS0740SC),SS0740SC,2023/02/24,109243.0
SIKAFLEX 212 FC NEGRO 300 ML (0102SK-75107),0102SK-75107,2023/10/04,16806.72
DUCHA GRAFITADA NEGRA LUBRISTONE X 1/4 (0801PB-1000025),0801PB-1000025,2023/10/04,13445.37
PROBADOR DESTORNILLADOR PEQUEÑO (PRDET01),K7102,2018/02/20,5500.0
FUSIBLE MINI 10 AMP (FS10AMP),FS10AMP,2022/01/25,158.0
FUSIBLE MINI 20 AMP (FS20AMP),FS20AMP,2020/06/30,0.0
FUSIBLE MINI 30 AMP (FS30AMP),FS30AMP,2020/06/30,0.0
FUSIBLE MINI 15 AMP (FS15AMP),FS15AMP,2020/06/30,0.0
TERMINAL ELECTRICA PLANCHETA PQUEÑA (TERPL01),TERPL01,2018/02/20,700.0
TERMINAL ELECTRICA PLANCHETA MEDIANA (TERPL02),TERPL02,2018/02/20,800.0
TERMINAL ELECTRICA PLANCHETA GRANDE (TERPL03),TERPL03,2018/02/20,800.0
TERMINALES ELECTRICAS DE OJO (TEROJO010),TEROJO010,2023/07/31,100.0
PITO DE REVERSO GENERICO MULTIVOLTAJE (ES-85-PSM79),ES-85-PSM79,2022/08/01,14621.0
FUSIBLE MICRO 20 AMP (FSMCR),FSMCR,2022/01/25,322.0
FUSIBLE MICRO 10 AMP  (FSMCR10),FSMCR10,2022/01/25,322.0
FUSIBLE MICRO 15 AMP  (FSMCR15),FSMCR15,2021/02/04,380.0
"PLUMILLA BUS 31"" MARCOPOLO (PLUM31"")","PLUM31""",2019/02/28,14610.0
CAMPANA DE FRENO CHEVROLET DMAX RT 50 (CF 05-12),CF 05-12,2022/06/21,207563.0
BOMBILLO H7 24V (PX26D-24V),H7 24V / PX26D-24V,2021/01/19,15126.0
FUSIBLE MAXI 20 AMP (FSMAXI20AMP),FSMAXI20AMP,2021/02/04,2650.0
FUSIBLE MAXI 30 AMP (FSMAXI30AMP),FSMAXI30AMP,2021/05/28,9500.0
FUSIBLE MAXI 60 AMP (FSMAXI60AMP),FSMAXI60AMP,2021/02/04,2650.0
FILTRO REFRIGERANTE INTER 7600 (WF2071),WF2071/WC5705,2023/08/28,55000.0
CORAZA CORRUGADA 1/2  13.2MM (CORAZA1/2),CORAZA1/2,2021/02/04,1100.0
CORAZA CORRUGADA 1/4  7.4MM (CORAZA1/4),CORAZA1/4,2021/02/04,720.0
CORAZA CORRUGADA 3/8  10.7MM (CORAZA3/8),CORAZA3/8,2021/03/16,18487.0
CORAZA TERMOENCOGIBLE 1/4 6MM (CORAZATERMOEN1/4),CORAZATERMOEN1/4,2021/02/04,900.0
FUSIBLE MICRO 30 AMP (FSMCR30),FSMCR30,2021/04/17,295.0
SOQUET LUCES TRICETA (CRTRICET),CRTRICET,2021/05/28,7500.0
SWTICH ON/OFF PEQUEÑO CUADRADO (KTC251003),KTC251003,2021/05/28,5042.0
BOMBILLO DOBLE FILAMENTO 24V (204-080),204-080,2021/08/03,1200.0
FUSIBLE MAXI 40 AMP (FSMAXI40AMP),FSMAXI40AMP,2021/07/17,3361.0
BOMBILLO DIRECCIONAL 1FILAMENTO 24V (R10W 12V),R10W 12V,2022/10/28,8538.0
BOMBILLO T20 12V 2 FILAMENTOS (T20W-12V),T20W-12V/W21-5W,2023/10/25,14752.0
BOMBILLO T20 1 F (T20 1 F),T20 1 F,2022/01/13,7422.96
BOMBILLO W5W (158) 24V (W5W 24V),W5W 24V,2023/10/25,1950.0
SOKE H7 CURVO (KTC230071),KTC230071,2023/07/31,5650.0
BOMBILLO H15 12V (H15 12V),H15 12V,2023/07/31,21900.0
EXTINTORES DE 10 LB (EXT10L-01),EXT10L-01,2023/05/26,50000.0
EXTINTORES DE 20 LB (EXT20L-01),EXT20L-01,2023/05/26,29000.0
BOTIQUIN 18 PRODC (BOT-01),BOT-01,2023/09/20,0.0
CHALECO REFLECTIVO (CH0101),DIS016,2018/03/12,10000.0
FILTRO AIRE RANGER DIE BT50 PROF (MG2MZ9601MKT),DIS008,2023/09/19,35100.0
FILTRO COMB CAMIONETA JAC J7 BOMBIN  (N4310 BOSCH),N4310 BOSCH,2023/06/26,78000.0
ACEITE EUROL SHPD 15W-40 SYNT PLUS - 6L (E100111-6L),E100111 - 6L,2023/07/25,14632.0
GRASA EUROL LITHIUM GREASE EP3 (E901040-400G),E901040-400G,2023/07/25,15995.0
ACEITE EUROL PRO LITE 10W30 (E100134-210L),E100134 - 210L,2023/07/25,13214.0
ACEITE EUROL SUPER LITE 5W-30 12L (E100091-12L),E100091 - 1L,2023/07/25,21488.0
ACEITE EUROL SUPER LITE 5W-30 - 5L (E100091-5L),E100091 - 5L,2023/07/25,19277.0
ACEITE EUROL PROLITE 20W - 50 SLN - 4L (E100162-4L),E100162 - 4L,2023/07/25,16399.0
ACEITE EUROL FUSION 10W - 40 - 5L (E100113-5L),E100113 - 5L,2023/07/25,17005.0
ACEITE EUROL PROLITE 10W - 30 - 4L (E100134-4L),E100134 - 4L,2023/07/25,15743.0
ACEITE EUROL SHPD 20W - 50 4 L (E100047-4 L),E100047 - 4L,2023/07/25,14985.0
ACEITE EUROL GLOBENCE SA 15W-40 6 L (E100157-6L),E100157 - 6L,2023/07/25,18566.0
ACEITE EUROL HPG 80W-90 5L (E110630-5L),E110630 - 5L,2023/07/25,14581.0
REFRIGERANTE EUROL COOLANT XL 36°C (E504140-5L),E504140 - 5L,2023/07/25,9936.0
EUROL DIESEL INJECTION CLEANER (E802492-250ML),E802492-250ML,2023/07/25,19176.0
ACEITE EUROL SHPD 15W-40 SYNT PLUS (E100111 -210L),E100111 - 210L,2023/07/25,12508.0
ACEITE EUROL PRO LITE 20W-50 SN (E100162-210L),E100162 - 210L,2023/07/25,13824.0
ACEITE EUROL SHPD 20W-50 (E100047-210L),E100047 - 210L,2023/07/25,12410.0
LUBRICANTE EUROL HPG 85W-140 GL5 (E110640-210L),E110640 - 210L,2023/07/25,13117.0
ACEITE EUROL HPG 80W - 90 GL5 - 210 L (E110630-210),E110630 - 210L,2023/07/25,12612.0
ACEITE EUROL SYNTECE 5W-30 5L (E100062 - 5L),E100062 - 5L,2023/07/27,133.5
BARRA ANTIVUELCO CAMIONETA D.C. (BTA001),EB3C18045DB,2019/02/06,450000.0
COMPRA MODULO MEDIOS MAGNETICOS 2018,17,2019/05/07,385000.0
TERMINAL DIR R/L CHEVROLET FRR (4058 R/L – FD-4058/TERMINAL FRR),4058 R/L – FD-4058/TERMINAL FRR,2023/07/17,159663.0
PUNTA EJE HOMOCINETICA FORD RANGER L/C (34330000-9),34330000-9,2023/05/26,285716.0
TIJERA INFERIOR BT-50  / FORD RANGER 3.2 (K340420),K340420,2023/05/18,299800.0
TIJERA SUPERIOR VW AMAROK (TJ34330000-9) (K407021L),TJ34330000-9,2022/06/15,130000.0
MUÑECO VW AMAROK (MN34330000-9),VL1317/MN34330000-9/LINWA1317AU,2021/04/17,67226.0
SEMI EJE FORD RANGER 3.2 (SEMIEJEFORD),SEMIEJEFORD,2023/02/21,700000.0
EJE COMPLETO FORD RANGER 3.2 (EJRM01),EJRM01,2023/02/21,430000.0
TUNEL DE SEMI EJE FORD RANGER 3.2 DIE (TUN343300),TUN343300,2022/04/07,546218.0
BUJE TIJERA SUP FORD RANGER - 3.2 DIESEL (K200363 / AB313A493BB),K200363 / AB313A493BB,2023/09/18,45900.0
ROTULA SUP FORD RANGER 2.2/3.2 HOM GDS (K 800414),K 800414,2023/08/01,50420.0
BRAZO DIRECCION HINO (151023),151023,2023/07/17,504201.0
TERMINAL LH FORD RANGER 2.2 - 3.2  HOM (ES 800419),ES 800419L,2023/08/01,63025.0
TERMINAL RH FORD RANGER 2.2 - 3.2 HOM (ES 800420),ES 800419R,2023/07/17,71428.0
CHAPA PLATON DE TOYOTA HILUX FORD RANGER (CHA-016),CHA-016,2023/05/11,100000.0
ANTIRUIDOS MITSUBISHI L200 (AP-3265),AP-3265,2023/05/08,21008.0
PARCHE FRIO #3  MONTALLANTAS (PF17097),PF17097,2023/08/28,643.0
PARCHE FRIO #5  MONTALLANTAS (PF17099),PF17099,2018/02/19,1064.0
TACO MELCOCHA CAMION /TURBO GRANDE (TCM21017),TCM21017,2021/11/09,126.05
TACO MELCOCHA AUTOMOVIL / CAMIONETA (TCM21019),TCM21019,2018/04/16,117.65
EJE HO COLORADO 17/22 DEL (52083441),52083441,2023/05/11,1804996.0
CORREA INDUSTRIAL COMPRESOR (B74 CANDO),B74 CANDO,2023/05/11,19328.0
FILTRO AVEO (037),037,2023/05/26,50000.0
CALIBRADOR 160 LBS CROMADO BOCA RECTA (CALIB2041),DIS015,2018/04/16,21849.0
CALIBRADOR MANOMETRO TURBO 160 LBS (CALIB2010),CALIB2010,2018/04/16,29515.0
VALVULAS CAMIONETA (CRVALCTA-01),CRVALCTA-01,2023/03/31,830.0
GUSANILLO (5222),5222,2023/07/13,1681.0
FILTRO COMB FORD RANGER 3.2 2021 HOM (FLP509),FLP509,2023/08/28,51000.0
BOMBA INYECCION COMBUSTIBLE TOYOTA HILUX (TY0700),TY0700,2018/12/04,1595000.0
SOPORTE EXTINTOR 10 LB (SPTEXT-01-10LB),SPTEXT-01-10LB,2022/07/26,16000.0
BASE EXTINTOR DE 20 LBS (BSEXT20),FSMCR25,2020/09/16,31000.0
BOMBILLO UN FILAMENTO PQ COCUYO (R10W),R10W,2022/04/04,12278.24
RESORTES BANDAS FRENO LUV D´MAX (R-5080),R-5080/GF-4147,2023/10/06,22689.0
RELE CORRIENTE 24V 5 TERMINALES (933332411),933332411,2020/06/30,0.0
RELE CORRIENTE 12V 5 TERMINALES (933332361),933332361,2020/06/30,0.0
FUSIBLE MINI 25 AMP (FS25AMP MN),FS25AMP MN,2020/06/30,0.0
LUBRICANTE PENETRATIN OIL SPRAY (E701300),E701300,2023/04/18,18000.0
LUBRICANTE HYKROL ISO68 VG EUROL (E108730-5L),E108730 - 5L,2020/12/23,11586.0
ACEITE 0W20 LUBRICANTE SINTETICO EUROL (E100128-1L),TACO-PARCHE,2020/10/27,22485.0
PITOS CLAXON 12v (349GLI),349GLI,2022/06/13,25210.0
BOMBILLO HB3-12V (H3-12V),HB3-12V 60W,2023/06/22,25440.0
BOMBILLO H11 12V (H11 12V),H11 12V,2023/10/25,33200.0
BOMBILLO HD4 12V (HD4 12V),HB4 12V,2020/12/23,11700.0
ENGINE FLUSH EUROL (E802310-500ML),E802310-500ML,2021/03/15,33200.0
EUROL CONTACT CLEANER SPRAY (E701465),E701465,2021/03/15,20000.0
ACEITE 5W-40 EUROL SUPER LITE GALON (EU5W40SINTE),E100092 -1L,2022/04/26,22800.0
SEMIEJE FORD RANGER LADO DERECHO RM (SREMAN),SREMAN,2023/02/21,300000.0
AMORTIGUADOR DEL GTC -VW AMAROK (34959G+/2H0413031K+),34959G+/2H0413031K+,2023/10/31,180672.0
RETEN EJE FORD RANGER (5L8Z4B416AA),5L8Z4B416AA,2023/09/01,0.0
RODILLO AGUJAS EJE FORD RANGER (YL8Z4B413AA),YL8Z4B413AA,2023/08/29,0.0
RODAMIENTO DEL FORD RANGER 2.2/3.2 HOM (G-9447008),G-9447008,2023/09/06,143900.0
FILTRO AIRE ACOND NISSAN FRONTIER D23 (ACP123 / SFAA710704),ACP123/SFAA710704,2023/10/20,12600.0
TIJERA SUPERIOR IZQ. MAZDA BT50 2.5 DIES (UH75-260B),UH75-260B,2020/06/30,105900.0
TIJERA SUPERIOR DER. MAZDA BT50 2.5 DIES (UH75-34-210B),UH75-34-210B,2020/10/29,235385.0
BIELETA DIR EST DER FORD RANGER 3.2 HOM (K 800416),K 800416,2023/05/18,35900.0
BIELETA DIR EST IZQ FORD RANGER 3.2 HOM (K 800417),K 800417,2023/05/18,35900.0
AMORTIGUADOR TRAS MONROE MERCEDES 515 (66417),66417,2020/07/08,113445.0
ROTULA INFERIOR LUV DIMAX RT50 (8-94452-102-1),8-94452-102-1/8980058750,2022/07/15,70000.0
AXIAL DIRECCION LUV. DMAX RT50 (ES3489R),ES3489R,2022/03/01,114425.76
TERMINAL DIRECCION LUV. DMAX RT50 (557460++),557460++,2022/03/01,51789.0
ROTULA INFERIOR FORD MAZDA 4X4 2.5 DIESE (UR61-34-550),UR61-34-550,2020/10/30,54622.0
SENSOR TEMP DIE RANGER (BK2Q9D995AA),BK2Q9D995AA,2023/05/31,222778.0
TECHNO TRON (8941),8941,2023/08/22,33613.0
TIJERA SUPERIOR  FORD RANGER (1D02-34-260B/210B),1D02-34-260B/210B/UC3C34200D,2021/06/21,235386.0
TORNILLOS GRADUACION ALINEA TOYOTA CORTO (81900KO10),81900KO10,2021/06/23,35000.0
FILTRO AIRE MOTOR CAMIONETA JAC (AIP1068/A23040),AIP1068/A23040/HCA23040,2023/09/20,25800.0
TIJERA SUPERIOR BT50/FORD RANGER IZQU (K340428),K340428,2023/05/24,155900.0
AMORTIGUADOR DEL KYB FORD RANGER 3.2 (340124),340124,2023/08/29,320500.0
BUJE TIJERA INF DEL FORD RANGER 2.2 -3.2 (K 200362),K 200362,2023/09/18,100900.0
SOPORTE CARDAN CHEVROLET DMAX RT-50 (8979476600*),8979476600*,2022/04/18,120000.0
BUJE TIJERA INF DEL VW AMAROK 2.0 (7D0407183/131561),7D0407183/131561,2023/01/23,45083.0
AMORTIGUADOR TRAS ORG FORD RANGER 3.2 (EB3C18080DC/JB3Z18125,EB3C18080DC/JB3Z18125T,2022/05/11,625008.0
TIJERA INFERIOR VOLKSWAGUEN AMAROK 2.0 (K3129L),K3129L,2022/09/14,218487.39
AMORTIGUADOR TRAS VW AMAROK ORG (2H0513029H+),2H0513029H+,2023/10/27,167707.0
BUJE TIJERA SUP VW AMAROK 2.0 (131564),131564,2022/07/15,30000.0
AMORTIGUADOR TRAS KYB FORD RANGER 3.2 (345077/345101),345077/345101,2023/11/23,145900.0
ROTULA INFERIOR VW AMAROK HOMO (K253009),K253009,2022/09/14,46218.49
ROTULA SUPERIOS VW AMAROK HOMO (K254631),K254631,2022/09/14,37815.13
TIJERA SUP IZQ VW AMAROK HOMO (K407021L),K407021L,2022/09/14,121848.74
TIJERA SUP DERE AMAROK HOMO (K407022R),K407022R,2022/09/14,121848.74
CAJA DE DIRECCION HIDRAULICA FORD RANGER (SG32110),SG32110,2022/09/27,0.0
CAUCHO BARRA ESTABILIZADORA DMAX (9616),9616,2022/10/07,12500.0
CAUCHO BARRA ESTABILIZADORA NISSAN (9807),9807,2023/08/29,15000.0
AXIAL DIRECCION NISSAN D23 HOMO (EV800432TH/ D8521-EB70ATH),EV800432TH/ D8521-EB70ATH,2023/09/05,45900.0
BUJE TIJERA INFERIOR L200 (912043),912043 / GK-516183,2023/01/23,38900.0
AMORTIGUADOR TRAS BT50 FORD RANGER (340108),340108,2023/05/18,290400.0
TIJERA SUPERIOR BT50 FORD RANGER DER (K340428R),K340428R,2023/05/24,155900.0
BUJE PEQUEÑO INF AMAROK (GK-510359),GK-510359,2023/05/24,35900.0
TERMINAL DIR RH NISSAN FRONTIER NP300 (ES800431TH),ES800431TH,2023/07/14,65900.0
TERMINAL DIR LH NISSAN FRONTIER NP300 (ES800430TH),ES800430TH,2023/07/14,65000.0
BOCIN RUEDA DEL. NISSAN NAVARA FRONTIER (40202JR70C),40202JR70C,2023/10/17,299800.0
SOPORTE MOTOR FORD RANGER 3.2 DER HOM (694001/EM-5611837),694001/EM-5611837,2023/09/14,122900.0
SOPORTE MOTOR FORD RANGER 3.2 IZQ HOM (694002/EM-5611838),694002/EM-5611838,2023/09/14,122900.0
AMORTIGUADOR KYB MONOMAX RANGER T6 BT50 (8410004),8410004,2023/10/29,0.0
BOCIN DELANTERO MITSUBISHI L200 SIN RODA (BOC12317901),BOC12317901,2023/10/03,280000.0
ROTULA SUP CHEVROLETH/COLORADO (K80684-G),K80684-G,2023/10/17,85900.0
BIELETA BARRA EST CHEVROLET/COLORADO LH (K717080),K717080,2023/10/17,35900.0
BOCIN DEL CHEVROLETH/COLORADO (G-516167),G-516167,2023/10/17,550000.0
BOCIN DEL NISSAN NP300 D23 2WD (40202-4KH1A),40202-4KH1A,2023/10/27,338900.0
PUNTA EJE HOMOCINETICA FORD RANGER L/R (N00235),N00235,2023/10/27,160000.0
SENSOR POS. CIGUEÑAL CHEV FRR FORWARD (8976069430),8976069430,2018/02/19,195626.0
SENSOR DE VELOCIDAD FRR EURO 2 (8973280581),8973280581,2018/02/22,466328.0
ROTULA LUV DMAX INFERIOR ORIGINAL  (8980058750),8980058750,2022/11/18,108867.0
RETENES ENFRIA ACEITE T5 (O3L198441+),O3L198441+,2022/12/12,40110.0
FILTRO AIRE MOTOR INT. HINO FC 500 (SFA 178013391),SFA 178013391,2022/06/24,36334.0
RETEN CAJA ENFLACHER  NHR REWARD (8981894430),8981894430,2018/09/08,12800.0
PITO CLAXON 12V HELLA JUEGOX2 111 DC (HELLA 11225802),HELLA 11225802,2022/06/13,0.0
BUJE SUP. TIJERA  LUV DMAX 2016+ (9474190),9474190,2019/03/05,67937.0
CORREA ACCESORIOS 17375 (17305),17360,2019/08/02,20640.0
CORREA ACCESORIOS 17300 (17300),COR17380,2019/08/02,48800.0
GUAYA FRENO DE EMERGENCIA  CHEVROLET FRR (8983476960),8983476960,2019/08/28,481468.0
REFRIGERANTE COOL PEAK 2.5 GAL ROJ/VER (REFRI COOLPEACK 2.5),REFRI COOLPEACK 2.5,2022/11/21,61000.0
SENSOR ABS TRASERO DERECHO RANGER (DB392C190AC),DB392C190AC,2022/08/03,224169.0
KIT EMBRAGUE CHEVRILET DIMAX RT50 (95625625),95625625,2021/09/02,659839.0
BUJE TIJERA INF LUV DMAX RT50 (8979470871),8979470871,2022/03/01,109590.0
UREA BLUE DEF USA GALON 2.5 (UREAGLN),UREAGLN,2022/10/04,56000.0
CORREA ACCESORIOS DIR HID-A/A DMAX RT-50 (8979851220),17595,2021/04/16,78000.0
CORREA ALTERNADOR DMAX RT-50/FRR REWARD (7PK1030),7PK1030,2022/03/01,33613.0
RETEN DEL. INT LUV D´MAX (8980365950),8980365950,2021/05/08,37603.0
RETEN DEL. EXT LUV D´MAX (8980365940),8980365940,2021/05/08,21048.0
RODAMIENTO DEL. INT LUV D´MAX (8942588190+),8942588190+,2021/05/08,67817.0
RODAMIENTO DEL. EXT LUV D´MAX (8942270410+),8942270410+,2021/05/08,43902.0
ALTERNADOR NKR/NHR HOM (8983003350+),8983003350+,2021/05/27,402500.0
FILTRO AIRE MOTOR CHEVROLET COLORADO HOM (SFA40734/ AIP-1051),SFA40734/ AIP-1051,2023/02/16,29480.0
FILTRO ACEITE CHEVORLET COLORADO HOM (HCP6838/1948771),HCP6838/ OLP131,2023/02/16,18600.0
FILTRO COMB CHEVROLET COLORADO HOM (HCP1044/FLP-481),HCP1044/FLP-481,2023/02/16,25080.0
BOMBILLO P21W 24 V 2F (P2W 24 2F),P2W 24 2F,2023/10/25,1828.0
BOMBILLO P21 24 V 1F AMBAR (P21 AMBAR 1F),P21 AMBAR 1F,2021/11/23,2430.0
BOMBILLO H1 24V (H1-24V),H1-24V,2023/05/09,15041.0
BOMBILLO H4 24V (H4 24V /P43T64196),H4 24V /P43T64196,2023/10/25,20169.0
CRUCETA GUN 500 (CR-GUN 500),CR-GUN 500,2022/01/13,36507.94
BOMBILLO W5W 12V COCUYO (W5W 12V),W5W 12V,2023/04/17,1469.0
CRUCETA CARDAN LUV DMAX SPICER (CR -7078),CR -7078,2022/07/15,36664.0
ROTULA LUV DMAX SUPERIOR ORIGINAL (8980058270),8980058270,2022/11/18,96941.0
KIT FILTROS NKR ACCEDELCO (98552903),98552903,2023/10/03,96458.0
BOMBILLO 2 FILAMENTOS 12V STOP (P21 -W21/5w/12v),P21 -W21/5w/12v,2023/10/25,2802.0
BRAZO AXIAL DMAX (8981649670),8981649670,2022/11/18,77952.0
FILTRO  COMBUSTIBLE ACCEDELCO (19279670),19279670,2023/02/17,24618.0
FILTRO ACEITE LUV DMAX RT50 (HCX0710/OLP114),HCX0710/OLP114,2023/02/17,20216.0
FILTRO AIRE MOTOR CHEVROLET DMAX (HCA 2266 / AIP-912),HCA 2266/AIP-912,2023/02/17,43434.0
BOMBILLO 7515 21/5W 12V OSRAM (07I06103),07I06103,2023/07/27,13428.0
TERMINAL CORT FFR DER (1431507481+/45420-1590/45430-1590),1431507481+/45420-1590/45430-1590,2023/09/05,187840.0
ROTULA INFERIOR FORD RANGER 3.2 DIE (UC2R34550/),UC2R34550/,2022/05/24,126050.42
ROTULA INF FORD RANGER 3.2 2022 HOM (SAGH-50311),SAGH-50311,2022/08/23,126050.42
ACEITE 10W30 SINTETICO MOTORCRAFT DIESEL (ACMT10W30 / XO10W30QSDF),XO10W30Q1SP / ACMT10W30 / XO10W30QSDF,2023/06/27,21000.0
FILTRO COMB FORD RANGER 3.2 ORIG (LU2Z-9365-A / AB399176AC),DIS001,2023/09/22,86109.0
FILTRO ACEITE FORD RANGER 3.2 ORIG (BB3Q6744BA/JU2Z6731A),BB3Q6744BA/JU2Z6731A,2023/09/21,46022.0
FILTRO AIRE MOTOR FORD RANGER 3.2 ORIG (AB399601AD /AIP-892),AB399601AD,2023/10/03,35100.0
FILTRO AIRE ACOND FORD RANGER 3.2 ORG (HB3Z19N619-MKT/HB2Z19N619B/AB3919N61AA),HB3Z19N619B/AB3919N61AA,2023/10/03,18900.0
RETENEDOR CHEV COLORADO (40X69X10SAV),40X69X10SAV,2023/07/29,16807.0
PATIN CORREA DISTRIB FORD RANGER BT 2.5 (WE01-12-700),K7068-6,2018/04/06,335994.0
ROTULA SUP DEL IZQUIERDA AMAROK (2H0407366),2H0407366,2022/10/28,82714.0
CORREA DISTRIB FORD RANGER BT50 2.5 DIE (WE01-12-205TT),WE01-12-205TT,2018/04/06,110081.0
ROTULA SUP DEL DERECHA AMAROK (2H0407365),2H0407365,2022/10/28,66960.0
COMPRESOR AIRE ACOND FORD RANGER 2.2 DIE (AB3919D629BC),52160963,2018/01/30,1960784.0
FILTRO ACEITE FORD RANGER BT50 2.5 DIESE (WE0114302T),WE0114302T,2022/06/18,28847.0
RETEN CIGUEÑAL FORD RANGER 2.2 DIESEL (3S7Q6700AD),3S7Q6700AD,2018/02/28,70421.0
CORREA DE ACCESORIOS FORD RANGER 3.2 DIE (AB396C301AB),AB396C301AB,2023/01/21,138201.0
EMPAQUE PORTATOBERA MAZDA BT50 2.5 DIESE (WE01-13R79B),FS20AMP-20,2018/03/12,3300.0
TERMINAL CORT DIRE FORD RANGER (UR61-32-280),UR61-32-280,2022/10/19,70529.0
TERMINAL DE DIRECCION LARGA FORD RANGER (UR56-32-250),UR56-32-250,2018/08/15,108737.0
SOPORTE CARDAN VW AMAROK (230119-1),230119-1,2023/05/30,0.0
SOPORTE MANIJA LIB CAPO AMAROK (7L0823633H/L0823633H),7L0823633H/L0823633H,2023/07/05,263544.0
SENSOR COMBUSTIBLE MAZDA BT50 FORD 2.5 D (WL81-13-ZA6),WL81-13-ZA6,2019/01/11,20000.0
BUJE TIJERA INF TRAS FORD RANGER 2.2 3.2 (AB313069AB),AB313069AB,2021/11/22,130505.0
EJE DELANTERO VW AMAROK 2.0 (2H0407271F+),2H0407271F+,2023/05/12,530000.0
CIGUEÑAL MOTOR FORD RANGER 2.5 DIESEL (WL01-11-300A),HR-NHR-05,2018/05/05,1775000.0
CORREA ALTERNADOR FORD MAZDA 2.5 DIESEL (WL51-18-380ATT),C17600,2018/07/04,76000.0
CORREA AIRE ACOND LUV DIMAX RT50 DIESEL (8-97985122-0),8-97985122-0 / 17570,2022/02/16,18487.0
FILTRO TRAMPA BUS YUTONG (P550748),P550748,2023/07/13,180000.0
GUAYA EMERG. MAZDA BT50 IZQ (UR61-44-420A),UR61-44-420A,2018/07/30,94000.0
CUBIERTA ESPEJO RANGER DIE DER (AB3917K746AA),AB3917K746AA,2022/11/25,96066.0
TORNILLO GRADUACION TIJERA AMAROK 2.0 (WHT001833),WHT001833,2021/07/21,87462.5
STOP FORD RANGER 2.2 / 3.2 ORIGINAL RH (AB396038JB),AB396038JB,2022/03/23,378151.0
TUBO CONEXION VALVULA RANGER DIESEL (BB3Q9KO22AG),BB3Q9KO22AG,2018/09/26,431129.0
SENSOR ABS TRAS FORD RANGER 3.2 IZQ (JB3Z2C190B/983927),JB3Z2C190B/983927,2023/11/23,461431.0
REFRIGERANTE RADIADOR ORANGE MCRAF (VC3B),VC3B,2019/05/15,36873.0
FILTRO COMB  HINO FC9J EU V (FLP505/23304EV550/HCPEV550),FLP505/23304EV550/HCPEV550/SAKURA-F13140,2023/08/22,87000.0
D-FRENO B2600 BT-50 DEL (UR61-33-251+),FS25AMP,2018/10/24,176694.0
RODAMIENTO DELAN NISSAN D23 ORIGINAL (RODFR01),RODFR01,2023/10/27,9243.7
COPELA TOPE AMORTIGUADOR FORD RANGER 3.2 (AB315A318AB),AB315A318AB,2021/11/22,114638.0
SEMI EJE PROP BT-50 IZQUIERDA (PP02-2560XA),PP02-2560XA,2018/10/24,915638.0
JUEGO PUNTILLAS (KP61-01/03/04/06/11),KP61-01/03/04/06/11,2023/03/14,6723.0
STOP FORD RANGER  2.2 / 3.2 ORIGINAL LH (AB3913404FA),AB3913404FA,2022/03/23,378151.0
DISCO FRENO CHEVROLET COLORADO (DF07-CHCOL),DF07-CHCOL,2022/06/13,175100.0
FILTRO ACEITE MITSUBISHI L200 (2022) HOM (HCX7317/OLP-XT019/C1011/C1028),HCX7317/OLP-XT019/C1011/C1028,2023/11/16,20500.0
DEFLECTOR RADIADOR RANGER DIE FORD RANGE (AB398B407AD),AB398B407AD,2019/02/20,220283.0
EXPLORADORA FIESTA R/L 2013 FORD RANGER (4F9Z15200AA),HR-NHR-06,2019/02/20,47736.0
ALETA G/FANGO TRASERO DERECHO FORD,EB3Z16A550AL,2022/09/02,106517.0
FILTRO ACEITE HCX-r6 (HCX-r6),HCX-r6,2023/03/25,13500.0
ALETA GUARD TRAS IZQ. FORD 2.2 - 3.2 DIE (AB3928400BC),AB3928400BC,2020/06/10,93601.0
FILTRO COMB FOTON AUMARK (BF1212 / HCX8019G/FLP486),BF1212 / HCX8019G/FLP486,2023/07/13,45600.0
SENSOR MAF FORD RANGER 2.2 DIESEL (MAF2.2DIE),MAF2.2DIE,2019/03/18,293940.0
BASE ANTENA FORD RANGER DIESEL 2.2 (AB3918A978BE),6206,2019/04/09,58595.0
SENSOR POS CIG RANGER DIESEL (BK216D315BA),BK216D315BA,2019/03/30,292560.0
PLUMILLA IZQ. FORD RANGER 3.2 ORGINAL (EB3B17528AA),EB3B17528AA,2021/08/27,76391.0
PLUMILLA DER. FORD RANGER 3.2 ORGINAL (EB3B17528BA),EB3B17528BA,2021/08/27,43476.0
TAPA COMBUSTIBLE FORD RANGER 3.2 (AB319030CD),AB319030CD,2022/09/27,137200.0
TACOMETRO FORD RANGER 2.2 DIESEL (AB3910849DP),AB3910849DP,2019/09/11,1621346.0
ALETA GUARD.FAN DEL. IZQ FORD RANGER 3.2 (EB3Z16550D),EB3Z16550D,2022/08/13,116891.0
ALETA GUARD.FAN DEL. DER FORD RANGER 3.2 (EB3Z16A550B),EB3Z16A550B,2022/08/13,164164.0
BANDAS DE FRENO FORD RANGER 3.2 DIESEL (URY1-26-38Z+),BL6302X22CM,2020/06/10,98832.0
ASPERSORES LAVA VIDRIOS FORD RANGER 3.2 (EB3B17666AB),AP3348,2020/01/03,96241.0
TAPA RADIADOR FORD RANGER 3.2 DIESEL (DG9Z8100A),DG9Z8100A,2023/09/12,39076.0
TERMOSTATO RADIADO FORD RANGER 3.2 (XS7Q8575AA),XS7Q8575AA,2022/06/28,158424.0
ACEITE 20W-50 GTX CASTROL GALON (DISP91),20W50GT GL,2022/07/18,93500.0
TERMINAL CORT DIRE FORD RANGER 3.2 IZQ (AB313290BA/),AB313290BA/,2020/02/10,64162.0
TERMINAL CORT DIRE FORD RANGER 3.2 DER (AB313289BA/),AB313289BA/,2020/02/10,64162.0
SOPORTE MOTOR FORD RANGER 3.2 IZQ ORIG (UF9W-39-040A / AB3Z6038Z+),UF9W-39-040A / AB3Z6038Z+,2023/07/04,123600.0
CILINDRO FRENO VOLKSWAGUEN AMAROK 2.0 (CR-04-1045),CR-04-1045/WC5194,2022/03/04,75630.0
LUZ PLACA FORD RANGER (6M2A13550AC),6M2A13550AC,2023/05/24,136701.0
ELEVADORES 24V 5 PINES EXIM (ELEV24V),ELEV24V,2022/08/01,7983.0
RODAMIENTO DEL. FORD RANGER 3.2 ORG (UC3C-33-047B++),UC3C-33-047B++,2021/11/06,181524.0
FAN CLOUTCH MOTOR FORD /MAZDA 3.2 2.2  (1D00-15-140),1D00-15-140,2022/01/12,819574.0
MANGUERA FRENO FORD RANGER (EB3C2078CA),EB3C2078CA,2020/11/09,214114.0
SENSOR CONTROL TEMPERATURA A.A. (AB3919T563DA),AB3919T563DA,2022/07/18,127000.0
PERA DE REVERSA FORD RANGER 2.2/3.2 (CM5T15520CA),CM5T15520CA,2021/04/21,125779.0
THERMOSTATO UNIV. (ALUMINIO) (5224),5224,2023/07/13,16807.0
AMORT. GATO CAPOT FORD RANGER 3.2 DER (EB3B16C826AA),EB3B16C826AA,2021/07/15,251355.0
AMORT. GATO CAPOT FORD RANGER 3.2 IZQ (EB3B16C827AA),EB3B16C827AA,2021/07/15,305200.0
MANGUERA BOMBA AGUA FORD RANGER 3.2 (BBQ8K512BD),BBQ8K512BD,2022/03/04,183800.0
SENSOR TEMP EXPLORER (DY1160),DY1160,2023/09/12,44283.0
PATIN TENSOR CORREA ACCESORIOS FORD  3.2 (FB3Q-6A228-BA),FB3Q-6A228-BA,2023/06/13,501308.0
SOPORTE AMORTIGUADOR DEL BT-50 (UC3C-34-340A),UC3C-34-340A,2023/10/31,148255.0
BOMBA DE DIRECCION HIDRAULICA FORD RANGE,AB313A696AB,2022/08/23,1380000.0
SOPORTE BOMPER  DERECHO FORD RANGER (EB3B17W996AB),EB3B17W996AB,2022/09/07,0.0
SOPORTE LLANTA FORD RANGER (MALACATE) (AB3Z1A131B),AB3Z1A131B,2022/10/13,367010.0
DEFLECTOR RADIADOR FORD RANGER (EB3B8C291BC),EB3B8C291BC,2022/09/12,0.0
CAJA LLENADO FORD RANGER (AB392127936AJ),AB392127936AJ,2022/09/12,0.0
DEFLECTOR AIRE  FOORD RANGER (EB3Z8311M),EB3Z8311M,2022/09/13,0.0
SOPORTE BOMPER  IZQ FORD RANGER (EB3Z17A870L),EB3Z17A870L,2022/09/13,0.0
BALIBOMBA CLUCTH FORD RANGER 3.2 ORG (4C117C559AH+ / 1D0216510),4C117C559AH+ / 1D0216510,2023/06/24,712953.0
BARRA ESTABILIZADORA FORD RANGER ORG (UC3C34151B),UC3C34151B,2022/09/20,1090000.0
POLEA TENSORA FORD RANGER (FB3Q19A216AA),FB3Q19A216AA,2023/04/03,210084.0
RETEN CIGUEÑAL FORD RANGER ORIGI (3S7Z6700B),3S7Z6700B,2022/10/19,102362.0
FAROLA FORD RANGER ORIGINAL DEL DERECHA (EB3Z13008HT),EB3Z13008HT,2022/11/02,1583047.0
CREMALLERA E/VIDRIO FORD RANGER ORIGINAL (AB392123200BG),AB392123200BG,2022/11/04,1386541.0
GUAYA TEMPLETE COMPUERTA PLATON FORD RAN (DISP82),DISP82,2023/01/17,26781.0
FILTRO AIRE MOTOR FORD RANGER 3.2 HOM (SFA-AB39-9601/AIP-892/MG2MZ9601MKT),SFA-AB39-9601/AIP-892/MG2MZ9601MKT,2023/11/14,35100.0
STOP RANGER DIE IZQ (DB3Z13405E),DB3Z13405E,2023/05/31,1183412.0
MOTOR ARRANQUE RANGER 15 (AB3911000BA),AB3911000BA,2023/06/13,2795039.0
CORREA ACCESORIOS FORD RANGER 3.2 13 (AB3Z8620B),AB3Z8620B,2023/09/01,0.0
MANGUERA BOMBA AGUA RANGER DIE (AB399Y438BG/5297115),AB399Y438BG/5297115,2023/09/05,681187.0
MANGUERA CALEFACCION FORD RANGER DIE (EB3G18K579HA/2097244),EB3G18K579HA/2097244,2023/09/05,251847.0
MANGUERA CALEFACCION FORD RANGER DIE 13 (EB3G18K582CF),EB3G18K582CF/2232738,2023/09/05,620695.0
CALIPER FORD RANGER 20 DEL (AB3Z2B120A),AB3Z2B120A,2023/09/20,677646.0
PORTA MANGUETA DER FORD RANGER 22 (JB3Z3K185K/984039),JB3Z3K185K/984039,2023/09/20,1014500.0
SOPORTE CAPILER FORD RANGER DEL (AB312B135AA/2232477),AB312B135AA/2232477,2023/09/20,420868.0
MANGUERA TRANSIT FORD RANGER (BK3Z8597B/2233256),BK3Z8597B/2233256,2023/10/02,152016.0
MANGUERA ENTRADA ENFRIADOR FORD RANGER (EB3G9Y438BA/2233038),EB3G9Y438BA/2233038,2023/10/02,399135.0
MOTOR CONTROL CAMBIOS BT-50 PROF (1D00-17-YC0),1D00-17-YC0,2023/10/31,2514706.0
AMORTIGUADOR DEL FORD RANGER 19 (JB3Z18124R),JB3Z18124R,2023/11/21,551202.0
FILTRO ACEITE VW AMAROK 2.0/ CRAFTER 2.0 (03L115562),03L115562,2023/05/15,39210.0
FILTRO AIRE VOLKSWAGUEN CRAFTER 50 ORG (2E0129620D),2E0129620D,2022/06/29,123197.0
FILTRO AIRE MOTOR VW AMAROK/CRAFTER ORIG (2H0129620D),2H0129620D/HCH7401D ,2023/07/27,76175.0
FILTRO COMB VW AMAROK 2.0/CRAFTER 2.0 (2H0127401G+),MAHLE-KL1079/FLP454/2H0127401G+,2023/07/27,184555.0
DISCO FRENO VOLWAGUEN CRAFTER TRASERO (2E0615601A),2E0615601A,2018/08/31,257441.0
PASTILLAS FRENO VW AMAROK ORIG (2H0698151A+),2H0698151A+,2023/05/20,121147.0
FILTRO AIRE ACONDICIONADO VW CRAFTER (2E0819638),2E0819638,2022/07/05,61407.0
SENSOR DESG FRENO CRAFTER (2E0906206B),2E0906206B,2019/10/11,60000.0
PLUMILLA 20´ACEDELCO HOMOLOGADA (PLU ACD 19101995),PLU ACD 19101995,2023/11/14,19167.0
LIQUIDO FRENOS 500CC COFRE DOT5 (LQF500DOT5),LQF500DOT5,2019/05/15,14249.0
FILTRO COMB. CAMIONETA JAC (FLP392),FLP392,2023/04/12,45000.0
LUBRICANTE ZX4 240ML SIMONITZ (ZX4 240ML),ZX4 240ML,2019/10/01,9645.0
FILTRO COMB YUTONG BUSETA (FF5706),FF5706,2023/07/04,70000.0
SENSOR DSEG. DEL FRENO (06206C),06206C,2019/10/11,56000.0
CORREA ACCESORIOS VOLKSWAGUEN CRAFTER 50 (CRRPR0101),CRRPR0101,2020/01/23,158730.0
KIT REPARTICION VW AMAROK 2.0 (03L198119F++),03L198119F++,2023/10/20,866999.0
FILTRO AIRE ACOND VOLKSWAGUEN CRAFTER 50 (SFA9068300218),SFA9068300218,2021/02/15,22315.58
RODAMIENTO DEL VW AMAROK ORG (2H0498657A++),2H0498657A++,2023/04/05,280587.0
KIT CORREA DE ACCESORIOS VW AMAROK (03L998137++),03L998137++,2023/10/27,545120.0
ACEITE 5W-40 HELIX SINTETICO LITRO (HELIX5W40SINTE),HELIX5W40SINTE,2023/03/06,0.0
CORREA DE ACCESORIOS VW AMAROK 15405 (03L903137AC),03L903137AC,2022/10/02,147301.0
TUBO REFRIGERACION VW AMAROK (2H0122447M),2H0122447M,2023/04/24,113826.0
BALINERA CLOUTCH AMAROK (BALIBOMBA) (0C6141671D),0C6141671D,2021/04/26,287000.0
KIT EMBRAGUE VW AMAROK (03L141016M),03L141016M,2023/10/19,2801121.0
VOLANTE MOTOR AMAROK (03L105266DK),DIS007,2021/04/26,1418319.32
FILTRO COMB VW AMAROK HOM (MAHLE-KL 1079/FLP454),DIS003,2023/04/24,184555.0
BIELETA DEL VW AMAROK HOM (2H0411317B+),2H0411317B+,2023/10/31,55488.0
MANGUERA REFRIG VW AMAROK SUPERIOR (2H0121101),2H0121101,2021/07/23,73102.0
BANDAS FRENO VW AMAROK (BP-1667),BP-1667,2023/05/20,152101.0
BUJE CAJA DE DIRECCION VW AMAROK (2H0422405),2H0422405,2023/05/19,58616.0
PITO REVERSA 12 - 24V HELLA PESADOS (PSR45),PSR45,2023/10/03,39638.0
FUSIBLE MAXI 10 AMP (FSMAXI10AMP),FSMAXI10AMP,2022/02/14,195.83
FILTRO AIRE ACOND WV AMAROK HOMOLOGADO (7H0819631A/RH131210/ACP010),ACP-110/7H0819631A/RH131210,2023/05/09,14640.0
PLUMILLA AMAROK ORI (2H1998002),2H1998002,2022/04/05,192455.0
FILTRO COMB VW AMAROK 2.0/CRAFTER 2.0 (2H0127401G),2H0127401G,2023/01/23,184555.0
BOMBA DE DIRECCION  HIDRAULICA AMAROK (2H0422154A+),2H0422154A+,2022/09/05,836966.0
TENSOR CORREA ACCESORIOS VW AMAROK ORIG (3G145276),3G145276,2022/10/02,179278.0
TENSOR CORREA ACCESORIOS VW AMAROK ORIG (038903315AP),038903315AP,2022/10/02,346194.0
BOMBA COMBUSTIBLE VW AMAROK (2H0919050F),2H0919050F,2023/04/24,2475102.0
PLUMILLA 20´ACEDELCO GOLD HOMOLOGADA (PLU ACD 19375535),PLU ACD 19375535,2023/07/25,19167.0
FILTRO AIRE MOTOR VW AMAROK HOM (AIP-781 / LX3234),AIP-781/LX3234/LX876/2H0129620D+,2023/02/13,76175.0
FILTRO ACEITE FORD RANGER 2.2-3.2 HOM (OLP-115/HCP14302/JU2Z6731A-MKT),OLP-115/HCP14302/JU2Z6731A-MKT,2023/11/14,29106.0
BUJE TIJERA INF GRANDE AMAROK (2H0407182A+),2H0407182A+/GK-518088,2023/05/23,49022.0
BUJE TIJERA CENTRAL AMAROK (2H0412333A+),2H0412333A+/VO-SB-13736,2023/05/23,51286.0
MANIJA COMPUERTA AMAROK (2H5829505F GRU+/10709),2H5829505F GRU+/10709,2023/07/05,106568.0
FILTRO COMB FORD RANGER 2.5 BT50 (WE01-13ZA5AT-MKT),WE01-13ZA5AT-MKT,2023/09/19,23600.0
PITO DE REVERSO HELLA / MULTIVOLTAJE (HELLA 9148141),HELLA 9148141,2023/09/19,39638.0
FILTRO AIRE MOTOR NISSAN FRONTIER D22 (SFA-16546-95001),SFA-16546-95001,2022/06/07,22838.0
FILTRO COMBUSTIBLE SECUNDARIO NISSAN (FLP-353),FLP-353,2021/08/18,16575.0
FILTRO ACEITE NISSAN NP300 D23 HOM (OLP008/HCX46/OLP-XT-077),OLP008/HCX46/OLP-XT-077,2023/10/20,11400.0
FILTRO COMB  TRAMPA FLEETGUARD FS1,FS1241,2022/08/23,76000.0
FILTRO ACEITE TOYOTA HILUX 2.5 DIESEL (HCX7 / OLP067),HCX7/OLP067,2022/06/24,14025.0
PASTILLAS DE FRENO MERCEDES ORIGINAL (A9064210800),A9064210800,2022/08/05,0.0
FILTRO COMB FORD RANGER 2.2 Y 3.2 (FLP-395 / HCP11507),FLP-395 / HCP11507,2023/06/29,18600.0
FILTRO AIRE MOTOR TOYOTA HILUX 2.5 (AIP651/SFA-17801-OC-010),AIP651/SFA-17801-OC-010,2023/01/14,29940.0
MULTILUBRICANTE ZX4 SIMONITZ 400ML (ZX4- MULTILUB),ZX4- MULTILUB,2022/07/18,14600.0
LIMPIADOR ELECTRONICO SIMONITZ 400ML (LIMP ELECTRONIC),LIMP ELECTRONIC,2023/07/13,25000.0
VAL. EXPANSION (4318),4318,2023/07/13,46218.0
FILTRO ACEITE HINO 500 / FC9J (A7155 / PC7155),A7155 / PC7155,2023/03/08,73000.0
FILTRO COMB TRAMPA HINO FC9J LV150,SFC113240194-0,2022/08/08,0.0
FILTRO COMB HINO FC9J (SFC23304 EV040),SFC23304 EV040,2023/03/08,21700.0
FILTRO AIRE MOTOR INTERNO HINO FC9J (SFA178013371),SFA178013371,2023/06/13,32020.0
ACEITE 15W40 SHELL RIMULA (RIM15W40),RIM15W40,2023/07/24,17045.45
FILTRO ACEITE   DMAX / MAZDA BT50 (HCX-3682),HCX-3682,2021/04/17,13125.0
FILTRO COMB TRAMPA RACOR 2010 (RACOR 2010),RACOR 2010,2023/01/14,13260.0
ACEITE 15W40 MOBIL DELVAC MX CUARTO (MX15W40),MX15W40,2023/06/26,15000.0
GRASA FIBRA LIBRA (MARFAK HD2),MARFAK HD2,2022/05/17,0.0
FILTRO COMBUSTIBLE PLANTA SERVITECA (HCXME016872),HCXME016872,2022/05/30,13500.0
FILTRO AIRE MOTOR EXT HINO FC 500 (SFA178013380),SFA178013380,2023/03/08,155400.0
FILTRO AIRE MOTOR EXT NPR NHR (SFA-RS2863-1 / AIP543),SFA-RS2863-1/AIP543,2023/03/14,38775.0
FILTRO AIRE MOTOR EXT HINO FC9J (SFA178013360),SFA178013360,2023/06/13,57000.0
FILTRO AIRE KIA K2700 DIESEL (SFA-OK6B023603),SFA-OK6B023603,2019/11/08,21853.0
KIT GRADUACION FRENO IZQ NISSAN FRONTIER (GF-4245),GF-4245,2023/07/26,44538.0
FILTRO DE AIRE MOTOR SAKURA (A-76530-S),A-76530-S,2023/07/04,205000.0
FILTRO ACEITE HONDA CRV 2007 GASOLINA (HCX7317),95631277,2020/06/23,17000.0
FILTRO AIRE MOTOR MITSUBISHI  L200 (HCA-2098 / AIP681),HCA-2098/AIP681,2023/11/17,25612.5
RESORTES BANDAS FRENO NISSAN NP300 (R-5091),R-5091,2022/04/27,6723.0
FILTRO AIRE ACOND TOYOTA HILUX (SFATOYOTARAV / ACP-071),SFATOYOTARAV/ACP-071,2023/10/20,12600.0
GRASA DE LITIO GLOBAL (CUÑETE),CUÑETE,2022/05/13,190000.0
FILTRO AIRE POLEN FOTON TUNLAND (SFAAA18081900090070),GPLC01,2020/06/04,19688.0
HIDRAULICO 68 TERPEL (CUARTOS),B68TERP,2019/10/25,10700.0
FILTRO ACEITE  FOTON TUNLAND (OLP-122 / HCH6016),OLP-122 / HCH6016,2022/09/12,60010.0
FILTRO AIRE MOTOR FOTON TUNLAND (SFA915/AIP915),SFA1119019001/AIP915,2022/04/19,21660.0
FILTRO COMBUSTIBLE NHR REWARD (HCX446),HCX446,2021/04/07,20244.0
FILTRO ACEITE CHEVROLET  NHR REWARD (HCX28NK/OLP-002D),HCX28NK/OLP-002D,2022/11/29,20220.0
FILTRO COMB TRAMPA 2010 PMR (P5552010 /FLP407/SFC2010),P5552010 /FLP407/SFC2010,2023/10/09,12600.0
REFRIGRANTE ROJO CUARTO (3600RF-01),3600RF-01,2021/08/02,21000.0
FILTRO AIRE MOTOR BUS YUTONG EXTERNO  (DA8001),DA8001,2023/04/30,149800.0
KIT GRADUACION FRENO FORD RANGER (GF-41-35),GF-41,2022/06/21,22269.0
FILTRO COMB CAMIONETA JAC J7 TRAMPRA (BF 988),BF 988,2023/06/26,45000.0
FILTRO AGUA ACERO INOXIDABLE (SFWA2432MM),SFWA2432MM,2019/01/02,110000.0
LIMPIADOR ELECTRONICO 240 ML (LIMPIADOR240ML),LIMPIADOR240ML,2020/08/27,20500.0
FILTRO COMBUSTIBLE NISSAN CABSTAR (FLP-448),FLP-448,2022/07/30,42720.0
FILTRO AIRE MOTOR NISSAN CABSTAR (SFA-16546/ AIP-770),SFA-16546/ AIP-770,2023/02/16,24660.0
FILTRO ACEITE VW AMAROK / CRAFTER 50 HOM (OLP-086/ OLP-097 / OLP-109),OLP-109/03L115562+,2023/05/09,15420.0
TAPONES PARA CARTER (TPCRT-01),TPCRT-01,2019/02/27,12500.0
FILTRO ACEITE MITSUBISHI L200 - KIA (HCX4302 / OLP039),HCX4302 / OLP039,2023/09/21,12900.0
FILTRO ACEITE HINO FC9J EU V DUAL (OLP083),OLP083,2022/05/26,36300.0
FILTRO AIRE MOTOR INTER / FREIGHTLINER (ACH10281/CA4700),ACH10281/CA4700,2022/08/12,191662.0
FILTRO ACEITE INTER FREIGHTILINER (HU95/2X/HV9452X/BD7250),HU95/2X/HU9452X/BD7250,2021/08/02,152500.0
FILTRO COMBUST. 2  INTER FREIGHTILINER (PU1046X),PU1046X,2021/02/06,95000.0
FILTRO COMB 1  INTER FREIGHTILINER (BF1292/ HCP9262),HCP9262/BF1292,2022/08/12,27525.0
PARRAGON MABE / HACEB ORG 1004175 (1004175/3715),1004175/3715,2023/07/05,19327.73
FILTRO AIRE ACOND MITSUBISHI L200 POLEN (SFA-7803A112 / ACP-113),SFA-7803A112/ACP-113,2023/10/20,12600.0
VALVULINERA 5GL ARCO (VALV5GL),VALV5GL,2019/05/01,359000.0
FILTRO AIRE ACONDICIONADO FOTON TUNLAND (SFAAA180801900/ACP1,SFAAA180801900/ACP105,2022/04/19,11220.0
GRASA MULTIPROPOSITO X2K (FORZA-EPZ),FORZA-EPZ,2022/12/02,12500.0
FILTRO AIRE MOTOR VOLKSWAGUEN WORKER (SFA283A),SFA283A,2019/08/21,30967.0
FILTRO COMBUSTIBLE VOLKSWAGUEN WORKER (PC1510023),PC1510023,2019/06/03,29517.0
FILTRO COMBUSTIBLE1 VOLKSWAGUEN WORKER (PCRO27177),PCRO27177,2019/06/03,30409.0
FILTRO ACEITE MOTOR VOLKSWAGUEN WORKER (PC90588005),PC90588005,2019/06/03,16368.0
FILTRO AIRE MOTOR INTER FREIGLINER (P607965),P607965,2020/12/23,35766.0
FILTRO COMBUSTIBLE1 INTER FREIHGLINER (BF9898-0),BF9898-0,2020/01/09,100000.0
FILTRO AIRE INTERNO MOTOR CAMION INTER (SFA AF25732),SFA AF25732,2021/07/17,56204.0
FILTRO AIRE MOTOR INTER / FREIGHTLINER (SFA SF25707),SFA SF25707,2021/07/17,81752.0
FILTRO AIRE ACOND. INTER FREIGLINER (SFA920141R),SFA920141R,2020/12/23,21656.0
FILTRO  ACEITE CHEVROLET FVZ (HCX3757),HCX3757,2022/09/12,37500.0
FILTRO AIRE MOTOR INTERNO CHEVROLET FVZ (SFARS3722),SFARS3722,2020/12/23,48662.0
FILTRO AIRE MOTOR EXTERNO CHEVROLET FVZ (SFARS3548),SFARS3548,2020/12/23,71533.0
FILTRO ACEITE MERCEDES BENZ 515 (HU7010Z /OLP020),HU7010Z /OLP020,2023/07/04,35000.0
FILTRO AIRE MOTOR MICR MERCEDES BENZ 515 (C4312/1 / AIP756),C4312/1 / AIP756,2023/07/04,50500.0
FILTRO COMB MERCEDES SPRINTER 515 (WK820/18 /FLP469),WK820/18 /FLP469,2023/07/04,280000.0
FILTRO COMBUSTIBLE HIUNDAY COUNTY (HCX-5900),HCX-5900,2019/08/21,32550.0
FILTRO COMB TRAMPA VOLSWAGUEN WORKER (HCX6643),HCX6643,2022/11/05,10435.0
FILTRO ACEITE MOTOR VOLSWAGUEN WORKER (HCX7549),HCX7549,2019/08/21,17150.0
FILTRO COMBUSTIB MOTOR VOLSWAGUEN WORKER (HCX8183),HCX8183,2019/08/21,20935.0
FILTRO AIRE MOTOR HIUNDAY COUNTY (SFA281305A500),SFA281305A500,2019/08/21,46007.0
FILTRO AIRE MOTOR INTERNO NPR NHR (SFA-RS2863-1SY),SFA-RS2863-1SY,2023/09/21,29711.02
LIQUIDO DE FRENOS SL DOT4 ATE LITRO (DOT4 SL),DOT4 SL,2023/08/30,16500.0
FILTRO AIRE MOTOR NISSAN D23 HOM (HCA2530/AIP961/SFA16546KVOA),HCA2530/AIP961/SFA16546KVOA,2023/11/17,39564.0
FILTRO AIRE COMPRESOR TALLER SERVITECA (SFAIR835),SFA-AIR835,2020/02/13,6741.0
FILTRO COMBUSTIBLE MOTOR NPR 2011 DIE (58764100410),58764100410/5876100410/HCX10575,2021/04/07,19119.0
FILTRO COMBUSTIBLE TOYOTA COASTER GF (A22SP),A22SP,2020/02/20,22756.0
FILTRO ACEITE TOYOTA HILUX REVO (HCX2870A/OLP-XT056),HCX2870A/OLP-XT-056/SAKURA-C-6205/A178,2023/09/05,26000.0
FILTRO SEPARADOR DE AGUA A23 (A23FLT),A23FLT,2020/02/20,19461.0
FILTRO ACIETE PLANTA PERKINS 40KWA (2654403),2654403,2020/07/13,30000.0
FILTRO COMBUSTIBLE PLANTA PERKINS 40KWA (4816635),4816635,2022/07/18,50000.0
FILTRO AIRE PLANTA PERKINS 40KWA (SFARS3542),SFARS3542,2020/03/19,30966.0
FILTRO COMBUSTIBLE MITSUBISHI FUSO (BF12920),BF12920,2020/06/04,140000.0
FILTRO AIRE MOTOR EXT CAMION INTER 7600 (SFARS-4862 /a 5441s),SFARS-4862,2023/06/13,395000.0
FILTRO AIRE MOTOR MITSUBISHI FUSO (SFAME017246),SFAME017246,2022/05/30,45988.8
PASTILLAS DE FRENO MERCEDES ORIGINAL (A9074205201),A9074205201,2022/08/05,0.0
FILTRO DE COMBUSTIBLE VOLKSWAGUEN AMAROK (FLP 479),FLP 479,2020/11/01,65340.0
FILTRO COMB VW AMAROK ORIG (HCH7401D),DIS004,2022/11/05,72100.0
FILTRO COMBUSTIBLE CHEVROLET FRR (HCX7716),HCX7716 /FLP433,2022/06/07,41250.0
FILTRO ACEITE CHEVROLET NKR REWARD (SF8980188580 / OLP100),SF8980188580 / OLP100,2022/07/15,13440.0
SUPER KOTE PROTECTOR DE MOTOR (SKOTE),SKOTE,2020/09/25,50000.0
FILTRO COMBUST. 3  INTER FREIGHTILINER (ES54030),ES54030,2021/07/17,70000.0
FILTRO AIRE MOTOR FOTON AUMARK (SFA40527 / SFA40829/AIP970),AIP970,2022/10/05,33275.0
FILTRO AIRE MOTOR HINO DUTRO 300 (AIP-879 / SFA178017811),AIP-879/SFA178017811/A13570-SAKURA,2023/11/16,87000.0
FILTRO COMBUSTIBLE HINO TRAMPA (SFC234011682),SFC234011682,2022/06/24,19194.0
FILTRO COMBUSTIBLE HINO MOTOR (CFC066),CFC066,2022/03/23,14976.0
FILTRO AIRE MOTOR INT CAMION INTER 7600 (SFARS-4863),SFARS-4863,2021/07/17,66180.0
ACEITE 15W40 URSA TEXACO 1/4 GAL (URSA 15W40 CUART),URSA 15W40 QT,2021/08/10,18800.0
FILTRO AIRE MOTOR EXT FRR REWARD (AIP321 / SFARS3538),AIP321/SFARS3538,2023/07/27,46200.0
FILTRO DE ACEITE HINO (HCX 3766A),HCX 3766A,2022/03/23,28210.0
FILTRO ACEITE NISSAN D22 3.0 (OLP040),OLP040,2022/05/13,16380.0
HIDRAULICO ISO 20 LIMPIEZA (HIDRAULICO),HIDRAULICO,2022/05/13,8000.0
FILTRO ACEITE FLEETGUARD,HU9452X/LF3882/ LF3883/,2022/08/12,68000.0
FILTRO DE COMBUSTIBLE TRAMPA COLORADO,BF957,2022/08/23,52000.0
ACEITE 20W50 CELERITY 4T TERPEL,20W50TERP,2022/09/05,0.0
FILTRO  COMBUSTIBLE (HCP4870),DIS002,2022/09/12,38962.0
FILTRO ACEITE HOMO (HCX10575),1948771,2022/09/12,12412.0
BUJE TEMPLETE TRAS NISSAN D23 NP300 (712042),712042/54560-E,2023/07/27,33650.0
FILTRO AIRE ACONDICIONADO VAN MERCEDEZ (SFAA9108301100/SFAA008354800),SFAA9108301100,2022/11/08,45000.0
FILTRO ACEITE JAC (HCP8106H),HCP8106H / O-2160,2023/06/26,30000.0
FILTRO AIRE MOTOR JAC (SFAJACT6),SFAJACT6 / FA40829,2023/06/27,38000.0
FILTRO AIRE MOTOR MITSUBISHI L200 (2022) (AIP898/A33411),AIP898/A33411,2023/11/16,47800.0
FILTRO ACEITE RENAULT (HCXR9/OLP055),HCXR9/OLP055,2023/11/17,12037.5
FILTRO COMB CHEV LUV (HCF7393/FLP323),HCF7393/FLP323,2023/11/17,22987.5
FILTRO COMB PERKINS (REC817/EF51040),REC817/EF51040,2023/11/17,44000.0
FILTRO AIRE RENAULT DUSTER SANDERO (HCA11654/AIP968),HCA11654/AIP968,2023/11/17,27562.5
FORRO MANTENIMIENTO AIRE 810X250X280 (705),705,2023/11/07,46218.48
KIT EMBRAGUE KIA K 2700 (KITOK75A++),614003/2020,2019/02/06,232754.28
PUNTA EJE L/C FORD RANGER (NO147),NO147,2022/11/07,310924.0
POLEA TENSORA MULTIMARCA (PTM-01),PTM-01,2023/10/27,54621.98
TENSOR CORREA ACCESORIOS FORD RANGER (1D00-15-980 KBS),1D00-15-980 KBS,2023/05/26,184874.0
RODILLO AGUJAS CHEV COLORADO (HK4012-INA),HK4012-INA,2023/07/29,12605.0
CORREA STRAFLEX (AX36SML/),AX36SML,2023/08/28,15126.0
CORREA MITUBOSHI 22400 (22400ALT),22400ALT,2023/08/28,25210.0
CRUCETA CARDAN (GU-1000GMD),GU-1000GMD,2023/08/28,33613.0
CORREA BX52 (BX52SML/0801604039140),BX52SML/0801604039140,2023/08/28,37815.0
POLEA TENSORA NISSAN (11927-1HC0A-SD/VKM62022),11927-1HC0A-SD/VKM62022,2023/08/28,54622.0
CRUCETA CARDAN GUD-86KYM (GUD-89KYM),GUD-89,2023/09/05,23529.0
TENSOR CORREA DISTR SKF (VKM11115),VKM11115,2023/10/04,184874.0
CRUCETA CARDAN MITSUBISHI L200 (GUIS74KYM-7),GUIS74KYM-7,2023/11/07,25210.0
FILTRO AIRE MOTOR BUS YUTONG INTERNO  (AF25277),FA25277,2023/06/13,98000.0
TAPA COMBUSTIBLE GOLLETE  SIN LLAVE (TG819),TG819,2020/09/04,21009.5
ANTIRUIDOS NISSAN D23 (AP3385-4),AP3385-4,2023/09/27,22689.0
BAYETILLA ROJA (BYE50),23390-0L070,2020/08/14,1260.5
BOTIQUIN LONA 19 ELEM. CUELLO ORTOPEDICO (BNP40),BNP40,2023/11/24,10840.34
Bomba de agua ford ranger rm (BAFR),BAFR,2022/10/15,150000.0
152092W200 (152092W200),152092W200,2023/08/30,14285.0
BOMBA ROTATIVA TROPER (BOMEX-25-10067),BOMEX-25-10067,2023/08/30,190000.0
FILTRO AIRE HINO 500 FCJ9 EURO V (H17801-7801),H17801-7801,2023/11/16,205000.0
STOP MITSUBISHI SPORTERO L200 2.5 DIESEL (14140STL200),14140STL200,2023/10/31,512605.0
FILTRO ACEITE DFSK HOMO (FADFSK),FADFSK,2022/10/26,12605.0
FILTRO GASOLINA DFSK HOMOLOGADO (FGDFSK),FGDFSK,2022/10/26,21008.0
FILTRO DE AIRE DFSK HOMOLOGADO (FAMDFSK),FAMDFSK,2022/10/26,29412.0
FILTRO ACEITE HINO DUTRO 300 EURO IV (OLP-021 / FL9-021),OLP-021/B7130/P550422/LF3642/51725,2023/07/27,21900.0
FILTRO COMB HINO DUTRO EURO IV (FLP-352),FLP-352,2023/07/27,21360.0
FILTRO COMB ELEMENTO HINO DUTRO (FLP-424),FLP-424,2023/07/27,21900.0
FILTRO AIRE MOTOR RENAULT DUSTER - CAPTU (AIP968),AIP968,2022/07/15,17820.0
FILTRO COMBUSTIBLE HOMO (FLP398),FLP398,2022/10/25,22200.0
COMPRA DE SOFTWARE,21,2018/08/27,2575000.0
CORREA 6PK1513 (6PK1513),6PK1513,2022/10/31,37815.0
CORREA A35 AIRE ACONDICIONADO BUS WCS094 (CORA35),CORA35,2018/04/10,8403.0
CORREA 17490 ACCESORIOS BUS WCS094 (COR17490),COR17490,2018/04/10,25210.0
CALIPER CAUCHOS (BRAKE PACK KL-150),BRAKE PACK KL-150,2021/02/03,16807.0
PASADOR MORDAZA (KCM K707-10-12-13),K7122,2021/05/13,16638.65
RESORTES BANDAS FRENO TOYOTA REVO (R-5066),R-5066,2023/10/06,9244.0
BANDA FRENO NHR BRAKE PAK (BP4458),BP4458,2022/10/04,184874.0
JUEGO DE BANDAS TOYOTA HILUX (BP2305),BP2305,2022/09/13,126050.0
CILINDRO DE FRENO VIGO HOMOLOGADO (CR4603),CR4603/CR-46-02,2023/10/04,65546.0
PASADOR MORDAZA FORD RANGER 3.2 DIESEL (K7133),K7133,2022/09/26,26050.0
BANDAS FRENO DIMAX R750 / MIT. L200 HOM (BP-6605C),BP-6605C,2023/10/20,140336.0
DISCO FRENO DEL MAZDA BT50 (DF-0048),DF-0048,2023/09/18,289076.0
DISCO FRENO TRAS MAZDA BT50 (D-1052-V),D-1052-V,2023/09/18,289076.0
MORDAZA NISSAN FRONTIER MN DER (MORDAZA),MORDAZA,2023/10/02,1075630.0
CILINDRO FRENO CHEVROLETH LUV (CF-0118),CF-0118,2023/10/04,0.0
CARDAN  DELANTERO MITSUBISHI HOMOLOGADO,34330509,2022/08/23,647058.0
DESINCRUSTANTE GALON CLEANER (DCR45010),DCR45010,2019/06/27,25210.0
FILTRO ACEITE MB CANTER FUSO (FO092 / BD28 / AD092 / OLP004),FO092 / BD28 / AD092 / OLP004,2023/07/04,38000.0
BASE EXTINTOR DE 10 LBS (BSEXT10),FSMAXI100AMP,2019/09/24,16000.0
SOPORTE EXTINTOR 20 LM (SPTEXT-01-20LB),SPTEXT-01-20LB,2022/07/26,23000.0
REVISION Y MANTENIMIENTO EXTINTOR,26,2022/08/19,0.0
FILTRO COMBUSTIBLE VASO YUTONG (FF5796),FF5796,2023/04/12,70000.0
FILTRO ACEITE BUS - BUSETA YUTONG (LF 16015 /FO7237),LF 16015 /FO7237,2023/07/04,77000.0
FILTRO COMB TRAMPA BUS YOYUNG (FF5612),FF5612,2023/04/30,45000.0
FILTRO AIRE EXTERNO YUTONG BUSETA (DA8191),DA8191/AF36531,2023/07/26,90000.0
FILTRO AIRE INTERNO YUTONG BUSETA (DA9191 / FA25277),DA9191/FA25277/AF26532,2023/07/26,60000.0
FILTRO COMB YUTONG ACPM (BF7813),BF7813,2023/07/13,60000.0
AUTOMATICO MITSUBISHI (AUT-ZM-5698/02ZM-5698),AUT-ZM-5698/02ZM-5698,2023/11/22,126050.0
BENDIX MAZDA BT50 (BDX-1024/1024),BDX-1024,2023/11/22,75630.0
PITO CLAXON 24V (PLC24V),PLC24V,2021/01/05,22000.0
BOMBILLO H3 24V (H3-24V),H3-24V,2021/09/18,5437.0
RESISTENCIA VEL NISSAN HOM (5846),5846,2022/09/26,63025.0
CONDENSADOR FORD RANGER HOM (9887),9887,2022/09/26,382353.0
CAJA ORIGIN (5153),5153,2023/08/22,25210.0
LUBRICANTE HPG SAE 80W 90 EUROL (E1160 5L),DIS013,2019/07/17,11904.0
CLEANER BRAKE EUROL SPRAY (E701445),E701445,2019/10/12,9297.0
COMPRESOR DIMAX AIRE ACONDICIONADO (087),087,2023/05/26,1100000.0
LLANTA 245/75R16 M/T ADVENTURO GT (9000020000100),9000020000100,2023/10/27,373949.58
PERNO RUEDA 12 X 40 P.1.25 EST 13 (P-25),P-25,2023/08/28,4201.68
TUERCA CONICA 12 X 13/16 X 35P 1.25 (TLN0206),TLN0206,2023/08/28,2521.01
TUERCA CONICA 12 X 13/16 X 29 P 1.50 (TNL0207B),TNL0207B,2023/08/28,2521.01
PERNO RUEDA 12 X 45 P.1.5 EST 14 (P-41),P-41,2023/09/05,3109.24
TUERCA CUELLO CON ARANDELA 12X21X46 (TLN2307L),TLN2307L,2023/09/05,5882.36
GUAYA CENTRAL FRENO DE MANO TOYOTA HILUX (GFCTO1),GFCTO1,2018/05/02,116383.0
